Carrier,Day,DepTime,Dest,Origin,Weather,Delayed
OH,WED,1455,JFK,BWI,0,0
DH,WED,1640,JFK,DCA,0,0
DH,WED,1245,LGA,IAD,0,0
DH,WED,1709,LGA,IAD,0,0
DH,WED,1035,LGA,IAD,0,0
DH,WED,839,JFK,IAD,0,0
DH,WED,1243,JFK,IAD,0,0
DH,WED,1644,JFK,IAD,0,0
DH,WED,1710,JFK,IAD,0,0
DH,WED,2129,JFK,IAD,0,0
DH,WED,2114,LGA,IAD,0,0
DL,WED,1458,JFK,DCA,0,0
DL,WED,932,LGA,DCA,0,0
DL,WED,1228,LGA,DCA,0,0
DL,WED,1429,LGA,DCA,0,0
DL,WED,1728,LGA,DCA,0,0
DL,WED,2029,LGA,DCA,0,0
MQ,WED,1525,JFK,DCA,0,0
MQ,WED,556,JFK,DCA,0,0
MQ,WED,1822,JFK,DCA,0,0
MQ,WED,853,LGA,DCA,0,0
MQ,WED,1254,LGA,DCA,0,0
MQ,WED,1356,LGA,DCA,0,0
MQ,WED,1452,LGA,DCA,0,0
MQ,WED,1853,LGA,DCA,0,0
UA,WED,841,LGA,IAD,0,0
US,WED,858,LGA,DCA,0,0
US,WED,1056,LGA,DCA,0,0
US,WED,1253,LGA,DCA,0,0
US,WED,1458,LGA,DCA,0,0
US,WED,1655,LGA,DCA,0,0
US,WED,2055,LGA,DCA,0,0
RU,WED,1452,EWR,BWI,0,0
RU,WED,1710,EWR,BWI,0,0
RU,WED,1030,EWR,BWI,0,0
RU,WED,656,EWR,BWI,0,0
CO,WED,1256,EWR,DCA,0,0
CO,WED,1726,EWR,DCA,0,0
DH,WED,840,EWR,IAD,0,0
DH,WED,1704,EWR,IAD,0,0
DH,WED,1245,EWR,IAD,0,0
DH,WED,2118,EWR,IAD,0,0
RU,WED,1651,EWR,IAD,0,0
RU,WED,1850,EWR,IAD,0,0
RU,WED,1521,EWR,DCA,0,0
RU,WED,1855,EWR,DCA,0,0
RU,WED,1357,EWR,DCA,0,0
RU,WED,1508,EWR,IAD,0,0
RU,WED,1255,EWR,IAD,0,0
RU,WED,1625,EWR,DCA,0,0
OH,THUR,1455,JFK,BWI,0,0
DH,THUR,1641,JFK,DCA,0,0
DH,THUR,1249,LGA,IAD,0,0
DH,THUR,1531,LGA,IAD,0,1
DH,THUR,1712,LGA,IAD,0,0
DH,THUR,645,LGA,IAD,0,0
DH,THUR,1236,LGA,IAD,0,1
DH,THUR,859,JFK,IAD,0,0
DH,THUR,1232,JFK,IAD,0,0
DH,THUR,1455,JFK,IAD,0,0
DH,THUR,1645,JFK,IAD,0,0
DH,THUR,1716,JFK,IAD,0,0
DH,THUR,2305,JFK,IAD,0,1
DH,THUR,1605,JFK,IAD,0,0
DH,THUR,2118,LGA,IAD,0,0
DL,THUR,1458,JFK,DCA,0,0
DL,THUR,930,LGA,DCA,0,0
DL,THUR,1230,LGA,DCA,0,0
DL,THUR,1427,LGA,DCA,0,0
DL,THUR,1730,LGA,DCA,0,0
DL,THUR,2028,LGA,DCA,0,0
MQ,THUR,1522,JFK,DCA,0,0
MQ,THUR,552,JFK,DCA,0,0
MQ,THUR,1847,JFK,DCA,0,0
MQ,THUR,852,LGA,DCA,0,0
MQ,THUR,1053,LGA,DCA,0,0
MQ,THUR,1258,LGA,DCA,0,0
MQ,THUR,1402,LGA,DCA,0,0
MQ,THUR,1456,LGA,DCA,0,0
UA,THUR,850,LGA,IAD,0,0
US,THUR,657,LGA,DCA,0,0
US,THUR,857,LGA,DCA,0,0
US,THUR,1058,LGA,DCA,0,0
US,THUR,1258,LGA,DCA,0,0
US,THUR,1458,LGA,DCA,0,0
US,THUR,1655,LGA,DCA,0,0
US,THUR,1855,LGA,DCA,0,0
US,THUR,2056,LGA,DCA,0,0
RU,THUR,1715,EWR,BWI,0,0
RU,THUR,1030,EWR,BWI,0,0
RU,THUR,656,EWR,BWI,0,0
RU,THUR,1456,EWR,BWI,0,0
CO,THUR,1727,EWR,DCA,0,0
CO,THUR,1301,EWR,DCA,0,0
CO,THUR,754,EWR,DCA,0,0
DH,THUR,837,EWR,IAD,0,0
DH,THUR,1350,EWR,IAD,0,1
DH,THUR,1512,EWR,IAD,0,1
DH,THUR,629,EWR,IAD,0,0
RU,THUR,1625,EWR,DCA,0,0
RU,THUR,655,EWR,IAD,0,0
RU,THUR,858,EWR,DCA,0,0
RU,THUR,657,EWR,DCA,0,0
RU,THUR,1650,EWR,IAD,0,0
RU,THUR,1856,EWR,IAD,0,0
RU,THUR,1253,EWR,IAD,0,0
RU,THUR,854,EWR,IAD,0,0
RU,THUR,1858,EWR,DCA,0,0
RU,THUR,2050,EWR,DCA,0,0
RU,THUR,1358,EWR,DCA,0,0
RU,THUR,1510,EWR,IAD,0,1
RU,THUR,1519,EWR,DCA,0,0
DH,FRI,1243,LGA,IAD,0,0
DH,FRI,1738,LGA,IAD,0,0
DH,FRI,640,LGA,IAD,0,0
DH,FRI,1030,LGA,IAD,0,0
DH,FRI,855,JFK,IAD,0,0
DH,FRI,1237,JFK,IAD,0,0
DH,FRI,1455,JFK,IAD,0,0
DH,FRI,1654,JFK,IAD,0,0
DH,FRI,1741,JFK,IAD,0,0
DH,FRI,2213,JFK,IAD,0,1
DH,FRI,1604,JFK,IAD,0,0
DH,FRI,2138,LGA,IAD,0,0
DL,FRI,1505,JFK,DCA,0,1
DL,FRI,828,LGA,DCA,0,0
DL,FRI,1030,LGA,DCA,0,0
DL,FRI,1230,LGA,DCA,0,0
DL,FRI,1428,LGA,DCA,0,0
DL,FRI,1629,LGA,DCA,0,0
DL,FRI,1829,LGA,DCA,0,0
DL,FRI,2024,LGA,DCA,0,0
MQ,FRI,1600,JFK,DCA,0,1
MQ,FRI,555,JFK,DCA,0,0
MQ,FRI,1829,JFK,DCA,0,0
MQ,FRI,855,LGA,DCA,0,0
MQ,FRI,1254,LGA,DCA,0,0
UA,FRI,849,LGA,IAD,0,0
US,FRI,655,LGA,DCA,0,0
US,FRI,858,LGA,DCA,0,0
US,FRI,1059,LGA,DCA,0,0
US,FRI,1256,LGA,DCA,0,0
US,FRI,1500,LGA,DCA,0,0
US,FRI,1658,LGA,DCA,0,0
US,FRI,1857,LGA,DCA,0,0
RU,FRI,1714,EWR,BWI,0,0
RU,FRI,655,EWR,BWI,0,0
RU,FRI,1026,EWR,BWI,0,0
RU,FRI,1448,EWR,BWI,0,0
CO,FRI,1255,EWR,DCA,0,0
DH,FRI,857,EWR,IAD,0,1
DH,FRI,1705,EWR,IAD,0,0
DH,FRI,1329,EWR,IAD,0,1
DH,FRI,2126,EWR,IAD,0,0
DH,FRI,625,EWR,IAD,0,0
RU,FRI,1722,EWR,IAD,0,0
RU,FRI,1356,EWR,DCA,0,0
RU,FRI,658,EWR,IAD,0,0
RU,FRI,941,EWR,DCA,0,0
RU,FRI,1738,EWR,DCA,0,0
RU,FRI,1556,EWR,DCA,0,0
RU,FRI,1511,EWR,IAD,0,0
RU,FRI,703,EWR,DCA,0,0
OH,SAT,1605,JFK,BWI,0,1
DH,SAT,1644,JFK,DCA,0,0
DH,SAT,1249,LGA,IAD,0,0
DH,SAT,1535,LGA,IAD,0,1
DH,SAT,1837,LGA,IAD,0,1
DH,SAT,640,LGA,IAD,0,0
DH,SAT,1032,LGA,IAD,0,0
DH,SAT,900,JFK,IAD,0,0
DH,SAT,1243,JFK,IAD,0,0
DH,SAT,1504,JFK,IAD,0,0
DH,SAT,1642,JFK,IAD,0,0
DH,SAT,1709,JFK,IAD,0,0
DH,SAT,2120,JFK,IAD,0,0
DH,SAT,1607,JFK,IAD,0,0
DH,SAT,2116,LGA,IAD,0,0
DL,SAT,1500,JFK,DCA,0,0
DL,SAT,828,LGA,DCA,0,0
DL,SAT,1028,LGA,DCA,0,0
DL,SAT,1230,LGA,DCA,0,0
DL,SAT,1432,LGA,DCA,0,0
DL,SAT,1629,LGA,DCA,0,0
DL,SAT,1832,LGA,DCA,0,0
DL,SAT,2030,LGA,DCA,0,0
MQ,SAT,1534,JFK,DCA,0,1
MQ,SAT,554,JFK,DCA,0,0
MQ,SAT,745,JFK,DCA,0,0
MQ,SAT,1858,JFK,DCA,0,1
MQ,SAT,1257,LGA,DCA,0,0
MQ,SAT,1458,LGA,DCA,0,1
MQ,SAT,1659,LGA,DCA,0,0
MQ,SAT,1936,LGA,DCA,0,1
UA,SAT,849,LGA,IAD,0,0
US,SAT,858,LGA,DCA,0,0
US,SAT,954,LGA,DCA,0,0
US,SAT,1055,LGA,DCA,0,0
US,SAT,1158,LGA,DCA,0,0
US,SAT,1257,LGA,DCA,0,0
US,SAT,1359,LGA,DCA,0,0
US,SAT,1456,LGA,DCA,0,0
US,SAT,1559,LGA,DCA,0,0
US,SAT,1658,LGA,DCA,0,0
US,SAT,1758,LGA,DCA,0,0
US,SAT,1857,LGA,DCA,0,0
US,SAT,1957,LGA,DCA,0,0
US,SAT,2059,LGA,DCA,0,0
RU,SAT,1615,EWR,BWI,0,1
RU,SAT,1416,EWR,BWI,0,1
RU,SAT,2030,EWR,BWI,0,1
RU,SAT,1235,EWR,BWI,0,1
CO,SAT,1255,EWR,DCA,0,0
CO,SAT,1833,EWR,DCA,0,1
DH,SAT,857,EWR,IAD,0,0
DH,SAT,1917,EWR,IAD,0,1
DH,SAT,1310,EWR,IAD,0,1
DH,SAT,2221,EWR,IAD,0,1
DH,SAT,1600,EWR,IAD,0,1
RU,SAT,1952,EWR,DCA,0,1
RU,SAT,927,EWR,DCA,0,0
RU,SAT,858,EWR,IAD,0,0
RU,SAT,2110,EWR,IAD,0,1
RU,SAT,1356,EWR,DCA,0,1
RU,SAT,2120,EWR,DCA,0,1
RU,SAT,1557,EWR,IAD,0,1
OH,SUN,1610,JFK,BWI,0,1
DH,SUN,1638,JFK,DCA,0,1
DH,SUN,1338,LGA,IAD,0,1
DH,SUN,1606,LGA,IAD,0,1
DH,SUN,1848,LGA,IAD,0,1
DH,SUN,633,LGA,IAD,0,1
DH,SUN,1054,LGA,IAD,0,0
DH,SUN,946,JFK,IAD,0,1
DH,SUN,1312,JFK,IAD,0,1
DH,SUN,1700,JFK,IAD,0,0
DH,SUN,1709,JFK,IAD,0,0
DH,SUN,2200,JFK,IAD,0,1
DH,SUN,1651,JFK,IAD,0,1
DH,SUN,2125,LGA,IAD,0,0
DL,SUN,1459,JFK,DCA,0,0
DL,SUN,630,LGA,DCA,0,0
DL,SUN,734,LGA,DCA,0,0
DL,SUN,830,LGA,DCA,0,0
DL,SUN,932,LGA,DCA,0,0
DL,SUN,1031,LGA,DCA,0,0
DL,SUN,1128,LGA,DCA,0,0
DL,SUN,1230,LGA,DCA,0,0
DL,SUN,1329,LGA,DCA,0,0
DL,SUN,1427,LGA,DCA,0,0
DL,SUN,1635,LGA,DCA,0,0
DL,SUN,1730,LGA,DCA,0,0
DL,SUN,1829,LGA,DCA,0,0
DL,SUN,1955,LGA,DCA,0,1
DL,SUN,2028,LGA,DCA,0,0
MQ,SUN,1538,JFK,DCA,0,0
MQ,SUN,557,JFK,DCA,0,0
MQ,SUN,656,LGA,DCA,0,0
MQ,SUN,758,LGA,DCA,0,0
MQ,SUN,859,LGA,DCA,0,0
MQ,SUN,1103,LGA,DCA,0,0
MQ,SUN,1250,LGA,DCA,0,0
MQ,SUN,1627,LGA,DCA,0,1
MQ,SUN,1702,LGA,DCA,0,0
MQ,SUN,1949,LGA,DCA,0,1
UA,SUN,848,LGA,IAD,0,0
US,SUN,627,LGA,DCA,0,1
US,SUN,657,LGA,DCA,0,0
US,SUN,757,LGA,DCA,0,0
US,SUN,900,LGA,DCA,0,0
US,SUN,958,LGA,DCA,0,0
US,SUN,1057,LGA,DCA,0,0
US,SUN,1155,LGA,DCA,0,0
US,SUN,1257,LGA,DCA,0,0
US,SUN,1358,LGA,DCA,0,0
US,SUN,1500,LGA,DCA,0,0
US,SUN,1601,LGA,DCA,0,0
US,SUN,1657,LGA,DCA,0,0
US,SUN,1757,LGA,DCA,0,0
US,SUN,1857,LGA,DCA,0,0
US,SUN,1959,LGA,DCA,0,0
US,SUN,2100,LGA,DCA,0,0
RU,SUN,744,EWR,BWI,0,1
RU,SUN,1527,EWR,BWI,0,1
RU,SUN,1221,EWR,BWI,0,1
CO,SUN,1324,EWR,DCA,0,1
CO,SUN,757,EWR,DCA,0,0
CO,SUN,1846,EWR,DCA,0,1
DH,SUN,844,EWR,IAD,0,0
DH,SUN,1920,EWR,IAD,0,1
DH,SUN,1357,EWR,IAD,0,1
DH,SUN,2312,EWR,IAD,0,1
DH,SUN,1536,EWR,IAD,0,1
DH,SUN,624,EWR,IAD,0,0
RU,SUN,700,EWR,DCA,0,0
RU,SUN,1056,EWR,DCA,0,1
RU,SUN,1321,EWR,IAD,0,1
RU,SUN,2105,EWR,DCA,0,0
RU,SUN,655,EWR,IAD,0,0
RU,SUN,1454,EWR,DCA,0,1
RU,SUN,2104,EWR,DCA,0,1
RU,SUN,1602,EWR,IAD,0,1
RU,SUN,855,EWR,IAD,0,0
RU,SUN,1617,EWR,DCA,0,1
OH,MON,1455,JFK,BWI,0,0
DH,MON,1240,LGA,IAD,0,0
DH,MON,1451,LGA,IAD,0,0
DH,MON,1752,LGA,IAD,0,0
DH,MON,635,LGA,IAD,0,0
DH,MON,1034,LGA,IAD,0,0
DH,MON,855,JFK,IAD,0,0
DH,MON,1237,JFK,IAD,0,0
DH,MON,1453,JFK,IAD,0,0
DH,MON,1641,JFK,IAD,0,0
DH,MON,1756,JFK,IAD,0,1
DH,MON,2153,JFK,IAD,0,1
DH,MON,1607,JFK,IAD,0,0
DH,MON,2118,LGA,IAD,0,0
DL,MON,1457,JFK,DCA,0,0
DL,MON,629,LGA,DCA,0,0
DL,MON,728,LGA,DCA,0,0
DL,MON,829,LGA,DCA,0,0
DL,MON,930,LGA,DCA,0,0
DL,MON,1030,LGA,DCA,0,0
DL,MON,1130,LGA,DCA,0,0
DL,MON,1230,LGA,DCA,0,0
DL,MON,1327,LGA,DCA,0,0
DL,MON,1428,LGA,DCA,0,0
DL,MON,1529,LGA,DCA,0,0
DL,MON,1629,LGA,DCA,0,0
DL,MON,1728,LGA,DCA,0,0
DL,MON,1830,LGA,DCA,0,0
DL,MON,1929,LGA,DCA,0,0
DL,MON,2031,LGA,DCA,0,0
MQ,MON,1548,JFK,DCA,0,0
MQ,MON,558,JFK,DCA,0,0
MQ,MON,1843,JFK,DCA,0,0
MQ,MON,655,LGA,DCA,0,0
MQ,MON,817,LGA,DCA,0,0
MQ,MON,852,LGA,DCA,0,0
MQ,MON,1100,LGA,DCA,0,0
MQ,MON,1313,LGA,DCA,0,0
MQ,MON,1355,LGA,DCA,0,0
MQ,MON,1535,LGA,DCA,0,1
MQ,MON,1555,LGA,DCA,0,0
MQ,MON,1654,LGA,DCA,0,0
MQ,MON,1904,LGA,DCA,0,0
UA,MON,850,LGA,IAD,0,0
US,MON,629,LGA,DCA,0,0
US,MON,657,LGA,DCA,0,0
US,MON,758,LGA,DCA,0,0
US,MON,858,LGA,DCA,0,0
US,MON,1000,LGA,DCA,0,0
US,MON,1056,LGA,DCA,0,0
US,MON,1158,LGA,DCA,0,0
US,MON,1259,LGA,DCA,0,0
US,MON,1357,LGA,DCA,0,0
US,MON,1458,LGA,DCA,0,0
US,MON,1557,LGA,DCA,0,0
US,MON,1657,LGA,DCA,0,0
US,MON,1758,LGA,DCA,0,0
US,MON,1855,LGA,DCA,0,0
US,MON,1958,LGA,DCA,0,0
US,MON,2104,LGA,DCA,0,0
RU,MON,1451,EWR,BWI,0,0
RU,MON,1729,EWR,BWI,0,1
RU,MON,658,EWR,BWI,0,0
RU,MON,1037,EWR,BWI,0,0
CO,MON,1740,EWR,DCA,0,1
CO,MON,1256,EWR,DCA,0,0
CO,MON,1856,EWR,DCA,0,1
CO,MON,727,EWR,DCA,0,0
DH,MON,847,EWR,IAD,0,0
DH,MON,1705,EWR,IAD,0,0
DH,MON,1236,EWR,IAD,0,0
DH,MON,2118,EWR,IAD,0,0
DH,MON,1435,EWR,IAD,0,0
DH,MON,622,EWR,IAD,0,0
RU,MON,2222,EWR,DCA,0,1
RU,MON,859,EWR,DCA,0,0
RU,MON,1901,EWR,IAD,0,1
RU,MON,1457,EWR,IAD,0,0
RU,MON,656,EWR,IAD,0,0
RU,MON,1644,EWR,DCA,0,1
RU,MON,1253,EWR,IAD,0,0
RU,MON,1356,EWR,DCA,0,0
RU,MON,1656,EWR,IAD,0,0
RU,MON,1627,EWR,DCA,0,0
RU,MON,644,EWR,DCA,0,0
OH,TUE,1455,JFK,BWI,0,0
DH,TUE,1639,JFK,DCA,0,0
DH,TUE,1306,LGA,IAD,0,0
DH,TUE,1445,LGA,IAD,0,0
DH,TUE,1813,LGA,IAD,0,1
DH,TUE,640,LGA,IAD,0,0
DH,TUE,1038,LGA,IAD,0,0
DH,TUE,831,JFK,IAD,0,0
DH,TUE,1240,JFK,IAD,0,0
DH,TUE,1521,JFK,IAD,0,0
DH,TUE,1638,JFK,IAD,0,0
DH,TUE,1922,JFK,IAD,0,1
DH,TUE,2120,JFK,IAD,0,0
DH,TUE,1606,JFK,IAD,0,0
DL,TUE,1501,JFK,DCA,0,0
DL,TUE,631,LGA,DCA,0,0
DL,TUE,831,LGA,DCA,0,0
DL,TUE,932,LGA,DCA,0,0
DL,TUE,1030,LGA,DCA,0,0
DL,TUE,1131,LGA,DCA,0,0
DL,TUE,1231,LGA,DCA,0,0
DL,TUE,1329,LGA,DCA,0,0
DL,TUE,1430,LGA,DCA,0,0
DL,TUE,1528,LGA,DCA,0,0
DL,TUE,1629,LGA,DCA,0,0
DL,TUE,1728,LGA,DCA,0,0
DL,TUE,1828,LGA,DCA,0,0
DL,TUE,1927,LGA,DCA,0,0
DL,TUE,2030,LGA,DCA,0,0
MQ,TUE,1530,JFK,DCA,0,0
MQ,TUE,555,JFK,DCA,0,0
MQ,TUE,1918,JFK,DCA,0,1
MQ,TUE,655,LGA,DCA,0,0
MQ,TUE,746,LGA,DCA,0,0
MQ,TUE,854,LGA,DCA,0,0
MQ,TUE,1056,LGA,DCA,0,0
MQ,TUE,1256,LGA,DCA,0,0
MQ,TUE,1352,LGA,DCA,0,0
MQ,TUE,1457,LGA,DCA,0,1
MQ,TUE,1624,LGA,DCA,0,1
MQ,TUE,2014,LGA,DCA,0,1
UA,TUE,849,LGA,IAD,0,0
US,TUE,628,LGA,DCA,0,0
US,TUE,658,LGA,DCA,0,0
US,TUE,757,LGA,DCA,0,0
US,TUE,857,LGA,DCA,0,0
US,TUE,956,LGA,DCA,0,0
US,TUE,1058,LGA,DCA,0,0
US,TUE,1157,LGA,DCA,0,0
US,TUE,1256,LGA,DCA,0,0
US,TUE,1354,LGA,DCA,0,0
US,TUE,1457,LGA,DCA,0,1
US,TUE,1600,LGA,DCA,0,1
US,TUE,1656,LGA,DCA,0,0
US,TUE,1758,LGA,DCA,0,0
US,TUE,1859,LGA,DCA,0,0
US,TUE,1959,LGA,DCA,0,1
US,TUE,2054,LGA,DCA,0,0
RU,TUE,659,EWR,BWI,0,0
RU,TUE,1459,EWR,BWI,0,0
RU,TUE,1920,EWR,BWI,0,1
RU,TUE,1044,EWR,BWI,0,1
CO,TUE,1255,EWR,DCA,0,0
CO,TUE,1948,EWR,DCA,0,1
CO,TUE,1813,EWR,DCA,0,1
CO,TUE,728,EWR,DCA,0,0
DH,TUE,840,EWR,IAD,0,0
DH,TUE,1725,EWR,IAD,0,0
DH,TUE,1320,EWR,IAD,0,1
DH,TUE,2117,EWR,IAD,0,0
DH,TUE,624,EWR,IAD,0,0
DH,TUE,1439,EWR,IAD,0,0
RU,TUE,1352,EWR,DCA,0,0
RU,TUE,731,EWR,IAD,0,1
RU,TUE,1457,EWR,IAD,0,1
RU,TUE,856,EWR,DCA,0,0
RU,TUE,1254,EWR,IAD,0,0
RU,TUE,1654,EWR,IAD,0,0
RU,TUE,1955,EWR,IAD,0,1
RU,TUE,641,EWR,DCA,0,0
RU,TUE,2058,EWR,DCA,0,0
RU,TUE,1521,EWR,DCA,0,0
RU,TUE,1629,EWR,DCA,0,0
OH,WED,1455,JFK,BWI,0,0
DH,WED,1640,JFK,DCA,0,1
DH,WED,1245,LGA,IAD,0,0
DH,WED,1706,LGA,IAD,0,1
DH,WED,1710,LGA,IAD,0,1
DH,WED,2151,LGA,IAD,0,1
DH,WED,648,LGA,IAD,0,0
DH,WED,1036,LGA,IAD,0,0
DH,WED,852,JFK,IAD,0,0
DH,WED,1237,JFK,IAD,0,0
DH,WED,1449,JFK,IAD,0,0
DH,WED,1639,JFK,IAD,0,0
DH,WED,1714,JFK,IAD,0,0
DH,WED,2135,JFK,IAD,0,0
DH,WED,1609,JFK,IAD,0,0
DL,WED,1601,JFK,DCA,0,1
DL,WED,628,LGA,DCA,0,0
DL,WED,728,LGA,DCA,0,0
DL,WED,828,LGA,DCA,0,0
DL,WED,931,LGA,DCA,0,0
DL,WED,1030,LGA,DCA,0,0
DL,WED,1129,LGA,DCA,0,0
DL,WED,1231,LGA,DCA,0,0
DL,WED,1328,LGA,DCA,0,0
DL,WED,1430,LGA,DCA,0,0
DL,WED,1533,LGA,DCA,0,0
DL,WED,1630,LGA,DCA,0,0
DL,WED,1731,LGA,DCA,0,0
DL,WED,1833,LGA,DCA,0,0
DL,WED,1928,LGA,DCA,0,0
DL,WED,2027,LGA,DCA,0,0
MQ,WED,1524,JFK,DCA,0,0
MQ,WED,552,JFK,DCA,0,0
MQ,WED,1844,JFK,DCA,0,0
MQ,WED,722,LGA,DCA,0,0
MQ,WED,759,LGA,DCA,0,0
MQ,WED,856,LGA,DCA,0,0
MQ,WED,1050,LGA,DCA,0,0
MQ,WED,1256,LGA,DCA,0,0
MQ,WED,1353,LGA,DCA,0,0
MQ,WED,1457,LGA,DCA,0,0
MQ,WED,1557,LGA,DCA,0,0
MQ,WED,1852,LGA,DCA,0,0
UA,WED,848,LGA,IAD,0,0
US,WED,627,LGA,DCA,0,0
US,WED,658,LGA,DCA,0,0
US,WED,756,LGA,DCA,0,0
US,WED,856,LGA,DCA,0,0
US,WED,958,LGA,DCA,0,0
US,WED,1057,LGA,DCA,0,0
US,WED,1157,LGA,DCA,0,0
US,WED,1259,LGA,DCA,0,0
US,WED,1408,LGA,DCA,0,0
US,WED,1457,LGA,DCA,0,0
US,WED,1557,LGA,DCA,0,0
US,WED,1733,LGA,DCA,0,1
US,WED,1758,LGA,DCA,0,0
US,WED,1916,LGA,DCA,0,1
US,WED,2031,LGA,DCA,0,1
US,WED,2059,LGA,DCA,0,0
RU,WED,1739,EWR,BWI,0,0
RU,WED,1456,EWR,BWI,0,0
RU,WED,1026,EWR,BWI,0,0
RU,WED,655,EWR,BWI,0,0
CO,WED,1728,EWR,DCA,0,0
CO,WED,734,EWR,DCA,0,0
CO,WED,1255,EWR,DCA,0,0
CO,WED,1854,EWR,DCA,0,0
DH,WED,838,EWR,IAD,0,0
DH,WED,1706,EWR,IAD,0,0
DH,WED,1241,EWR,IAD,0,0
DH,WED,2120,EWR,IAD,0,0
DH,WED,622,EWR,IAD,0,0
DH,WED,1421,EWR,IAD,0,0
RU,WED,1452,EWR,IAD,0,0
RU,WED,1857,EWR,IAD,0,0
RU,WED,1255,EWR,IAD,0,0
RU,WED,1625,EWR,DCA,0,0
RU,WED,654,EWR,DCA,0,1
RU,WED,1354,EWR,DCA,0,0
RU,WED,707,EWR,IAD,0,0
RU,WED,1700,EWR,IAD,0,0
RU,WED,857,EWR,DCA,0,0
RU,WED,2051,EWR,DCA,0,0
RU,WED,1527,EWR,DCA,0,0
OH,THUR,1455,JFK,BWI,0,0
DH,THUR,1634,JFK,DCA,0,0
DH,THUR,1257,LGA,IAD,0,0
DH,THUR,1608,LGA,IAD,0,1
DH,THUR,2106,LGA,IAD,0,1
DH,THUR,2134,LGA,IAD,0,0
DH,THUR,714,LGA,IAD,0,1
DH,THUR,1106,LGA,IAD,0,0
DH,THUR,836,JFK,IAD,0,1
DH,THUR,1235,JFK,IAD,0,0
DH,THUR,1454,JFK,IAD,0,0
DH,THUR,1643,JFK,IAD,0,0
DH,THUR,1710,JFK,IAD,0,0
DH,THUR,2115,JFK,IAD,0,0
DH,THUR,1617,JFK,IAD,0,0
DL,THUR,1506,JFK,DCA,0,0
DL,THUR,629,LGA,DCA,0,0
DL,THUR,730,LGA,DCA,0,1
DL,THUR,832,LGA,DCA,0,0
DL,THUR,930,LGA,DCA,0,0
DL,THUR,1032,LGA,DCA,0,0
DL,THUR,1131,LGA,DCA,0,0
DL,THUR,1228,LGA,DCA,0,0
DL,THUR,1329,LGA,DCA,0,0
DL,THUR,1432,LGA,DCA,0,0
DL,THUR,1530,LGA,DCA,0,0
DL,THUR,1633,LGA,DCA,0,0
DL,THUR,1735,LGA,DCA,0,0
DL,THUR,1829,LGA,DCA,0,0
DL,THUR,1931,LGA,DCA,0,0
DL,THUR,2030,LGA,DCA,0,0
MQ,THUR,1535,JFK,DCA,0,0
MQ,THUR,558,JFK,DCA,0,0
MQ,THUR,1851,JFK,DCA,0,1
MQ,THUR,843,LGA,DCA,0,1
MQ,THUR,851,LGA,DCA,0,0
MQ,THUR,1141,LGA,DCA,0,1
MQ,THUR,1252,LGA,DCA,0,0
MQ,THUR,1359,LGA,DCA,0,0
MQ,THUR,1503,LGA,DCA,0,0
MQ,THUR,1618,LGA,DCA,0,1
MQ,THUR,1658,LGA,DCA,0,0
MQ,THUR,1916,LGA,DCA,0,1
UA,THUR,904,LGA,IAD,0,1
US,THUR,629,LGA,DCA,0,0
US,THUR,657,LGA,DCA,0,0
US,THUR,756,LGA,DCA,0,0
US,THUR,958,LGA,DCA,0,0
US,THUR,1057,LGA,DCA,0,0
US,THUR,1155,LGA,DCA,0,0
US,THUR,1259,LGA,DCA,0,0
US,THUR,1357,LGA,DCA,0,0
US,THUR,1458,LGA,DCA,0,0
US,THUR,1555,LGA,DCA,0,0
US,THUR,1657,LGA,DCA,0,0
US,THUR,1757,LGA,DCA,0,0
US,THUR,1902,LGA,DCA,0,0
US,THUR,1956,LGA,DCA,0,0
US,THUR,2052,LGA,DCA,0,0
RU,THUR,1720,EWR,BWI,0,0
RU,THUR,1450,EWR,BWI,0,0
RU,THUR,1108,EWR,BWI,0,1
RU,THUR,700,EWR,BWI,0,0
CO,THUR,1727,EWR,DCA,0,0
CO,THUR,1858,EWR,DCA,0,0
CO,THUR,1258,EWR,DCA,0,0
CO,THUR,732,EWR,DCA,0,0
DH,THUR,840,EWR,IAD,0,0
DH,THUR,1707,EWR,IAD,0,0
DH,THUR,1242,EWR,IAD,0,0
DH,THUR,2121,EWR,IAD,0,0
DH,THUR,629,EWR,IAD,0,0
DH,THUR,1423,EWR,IAD,0,0
RU,THUR,1627,EWR,DCA,0,0
RU,THUR,1526,EWR,DCA,0,0
RU,THUR,1357,EWR,DCA,0,0
RU,THUR,700,EWR,IAD,0,1
RU,THUR,1256,EWR,IAD,0,0
RU,THUR,1855,EWR,IAD,0,0
RU,THUR,1457,EWR,IAD,0,0
RU,THUR,850,EWR,DCA,0,0
RU,THUR,2058,EWR,DCA,0,0
RU,THUR,1655,EWR,IAD,0,0
RU,THUR,645,EWR,DCA,0,0
OH,FRI,1455,JFK,BWI,0,0
DH,FRI,1638,JFK,DCA,0,1
DH,FRI,1243,LGA,IAD,0,0
DH,FRI,1710,LGA,IAD,0,0
DH,FRI,2130,LGA,IAD,0,0
DH,FRI,918,JFK,IAD,0,1
DH,FRI,1303,JFK,IAD,0,1
DH,FRI,1642,JFK,IAD,0,0
DH,FRI,1708,JFK,IAD,0,0
DH,FRI,2126,JFK,IAD,0,0
DH,FRI,1800,JFK,IAD,0,0
DL,FRI,1505,JFK,DCA,0,1
DL,FRI,729,LGA,DCA,0,0
DL,FRI,832,LGA,DCA,0,0
DL,FRI,1028,LGA,DCA,0,0
DL,FRI,1230,LGA,DCA,0,0
DL,FRI,1429,LGA,DCA,0,0
DL,FRI,1624,LGA,DCA,0,0
DL,FRI,1828,LGA,DCA,0,0
DL,FRI,2031,LGA,DCA,0,0
MQ,FRI,1529,JFK,DCA,0,0
MQ,FRI,557,JFK,DCA,0,1
MQ,FRI,1826,JFK,DCA,0,0
MQ,FRI,855,LGA,DCA,0,0
MQ,FRI,1309,LGA,DCA,0,0
UA,FRI,850,LGA,IAD,0,0
US,FRI,655,LGA,DCA,0,0
US,FRI,857,LGA,DCA,0,0
US,FRI,1056,LGA,DCA,0,0
US,FRI,1256,LGA,DCA,0,0
US,FRI,1458,LGA,DCA,0,0
US,FRI,1656,LGA,DCA,0,0
US,FRI,1854,LGA,DCA,0,0
RU,FRI,1723,EWR,BWI,0,0
RU,FRI,1450,EWR,BWI,0,0
RU,FRI,657,EWR,BWI,0,0
RU,FRI,1030,EWR,BWI,0,0
CO,FRI,1254,EWR,DCA,0,0
DH,FRI,906,EWR,IAD,0,0
DH,FRI,1703,EWR,IAD,0,0
DH,FRI,1255,EWR,IAD,0,0
DH,FRI,2114,EWR,IAD,0,0
RU,FRI,1655,EWR,IAD,0,0
RU,FRI,658,EWR,IAD,0,0
RU,FRI,1555,EWR,DCA,0,0
RU,FRI,1456,EWR,IAD,0,0
RU,FRI,645,EWR,DCA,0,0
RU,FRI,1719,EWR,DCA,0,0
RU,FRI,1355,EWR,DCA,0,0
RU,FRI,925,EWR,DCA,0,0
OH,SAT,1455,JFK,BWI,0,0
DH,SAT,1634,JFK,DCA,0,0
DH,SAT,1304,LGA,IAD,0,0
DH,SAT,1500,LGA,IAD,0,0
DH,SAT,1712,LGA,IAD,0,0
DH,SAT,2115,LGA,IAD,0,0
DH,SAT,840,JFK,IAD,0,0
DH,SAT,1238,JFK,IAD,0,0
DH,SAT,1533,JFK,IAD,0,1
DH,SAT,1637,JFK,IAD,0,0
DH,SAT,1714,JFK,IAD,0,0
DH,SAT,2155,JFK,IAD,0,1
DH,SAT,1627,JFK,IAD,0,0
DL,SAT,1456,JFK,DCA,0,1
DL,SAT,829,LGA,DCA,0,0
DL,SAT,1028,LGA,DCA,0,0
DL,SAT,1130,LGA,DCA,0,0
DL,SAT,1231,LGA,DCA,0,0
DL,SAT,1327,LGA,DCA,0,0
DL,SAT,1430,LGA,DCA,0,0
DL,SAT,1529,LGA,DCA,0,0
DL,SAT,1628,LGA,DCA,0,0
DL,SAT,1732,LGA,DCA,0,0
DL,SAT,1842,LGA,DCA,0,0
DL,SAT,1928,LGA,DCA,0,0
DL,SAT,2032,LGA,DCA,0,0
MQ,SAT,1525,JFK,DCA,0,0
MQ,SAT,552,JFK,DCA,0,0
MQ,SAT,915,JFK,DCA,0,0
MQ,SAT,2015,JFK,DCA,0,1
MQ,SAT,1255,LGA,DCA,0,1
MQ,SAT,1456,LGA,DCA,0,0
MQ,SAT,1652,LGA,DCA,0,0
MQ,SAT,1900,LGA,DCA,0,0
UA,SAT,848,LGA,IAD,0,0
US,SAT,858,LGA,DCA,0,0
US,SAT,957,LGA,DCA,0,0
US,SAT,1057,LGA,DCA,0,0
US,SAT,1202,LGA,DCA,0,0
US,SAT,1258,LGA,DCA,0,0
US,SAT,1350,LGA,DCA,0,0
US,SAT,1452,LGA,DCA,0,0
US,SAT,1556,LGA,DCA,0,0
US,SAT,1657,LGA,DCA,0,0
US,SAT,1753,LGA,DCA,0,0
US,SAT,1856,LGA,DCA,0,0
US,SAT,2002,LGA,DCA,0,0
US,SAT,2054,LGA,DCA,0,0
RU,SAT,1736,EWR,BWI,0,0
RU,SAT,1029,EWR,BWI,0,0
RU,SAT,1310,EWR,BWI,0,0
RU,SAT,1450,EWR,BWI,0,0
CO,SAT,1851,EWR,DCA,0,0
CO,SAT,1255,EWR,DCA,0,0
CO,SAT,1623,EWR,DCA,0,0
DH,SAT,835,EWR,IAD,0,0
DH,SAT,1700,EWR,IAD,0,0
DH,SAT,1241,EWR,IAD,0,0
DH,SAT,2113,EWR,IAD,0,0
DH,SAT,1531,EWR,IAD,0,1
RU,SAT,2130,EWR,DCA,0,0
RU,SAT,844,EWR,IAD,0,0
RU,SAT,1656,EWR,IAD,0,0
RU,SAT,1723,EWR,DCA,0,0
RU,SAT,1356,EWR,DCA,0,0
RU,SAT,926,EWR,DCA,0,0
RU,SAT,1501,EWR,IAD,0,0
RU,SAT,1856,EWR,IAD,0,0
OH,SUN,1450,JFK,BWI,0,0
DH,SUN,1640,JFK,DCA,0,0
DH,SUN,1244,LGA,IAD,0,0
DH,SUN,1442,LGA,IAD,0,0
DH,SUN,1709,LGA,IAD,0,0
DH,SUN,2112,LGA,IAD,0,0
DH,SUN,641,LGA,IAD,0,1
DH,SUN,1037,LGA,IAD,0,0
DH,SUN,833,JFK,IAD,0,0
DH,SUN,1240,JFK,IAD,0,0
DH,SUN,1535,JFK,IAD,0,1
DH,SUN,1638,JFK,IAD,0,0
DH,SUN,1710,JFK,IAD,0,0
DH,SUN,2112,JFK,IAD,0,0
DL,SUN,1451,JFK,DCA,0,0
DL,SUN,630,LGA,DCA,0,0
DL,SUN,733,LGA,DCA,0,0
DL,SUN,830,LGA,DCA,0,0
DL,SUN,1004,LGA,DCA,0,1
DL,SUN,1028,LGA,DCA,0,0
DL,SUN,1131,LGA,DCA,0,0
DL,SUN,1230,LGA,DCA,0,0
DL,SUN,1328,LGA,DCA,0,0
DL,SUN,1432,LGA,DCA,0,0
DL,SUN,1529,LGA,DCA,0,0
DL,SUN,1630,LGA,DCA,0,0
DL,SUN,1728,LGA,DCA,0,0
DL,SUN,1830,LGA,DCA,0,0
DL,SUN,1929,LGA,DCA,0,0
DL,SUN,2029,LGA,DCA,0,0
MQ,SUN,1527,JFK,DCA,0,0
MQ,SUN,553,JFK,DCA,0,0
MQ,SUN,1820,JFK,DCA,0,0
MQ,SUN,654,LGA,DCA,0,1
MQ,SUN,756,LGA,DCA,0,0
MQ,SUN,855,LGA,DCA,0,0
MQ,SUN,1053,LGA,DCA,0,0
MQ,SUN,1258,LGA,DCA,0,0
MQ,SUN,1450,LGA,DCA,0,0
MQ,SUN,1552,LGA,DCA,0,0
MQ,SUN,1647,LGA,DCA,0,0
MQ,SUN,1903,LGA,DCA,0,0
UA,SUN,848,LGA,IAD,0,0
US,SUN,628,LGA,DCA,0,0
US,SUN,657,LGA,DCA,0,1
US,SUN,758,LGA,DCA,0,0
US,SUN,857,LGA,DCA,0,0
US,SUN,955,LGA,DCA,0,0
US,SUN,1058,LGA,DCA,0,1
US,SUN,1156,LGA,DCA,0,0
US,SUN,1256,LGA,DCA,0,0
US,SUN,1358,LGA,DCA,0,0
US,SUN,1458,LGA,DCA,0,0
US,SUN,1559,LGA,DCA,0,0
US,SUN,1656,LGA,DCA,0,1
US,SUN,1756,LGA,DCA,0,0
US,SUN,1858,LGA,DCA,0,0
US,SUN,1958,LGA,DCA,0,0
US,SUN,2056,LGA,DCA,0,0
RU,SUN,656,EWR,BWI,0,0
RU,SUN,1509,EWR,BWI,0,1
RU,SUN,1720,EWR,BWI,0,0
RU,SUN,1040,EWR,BWI,0,0
CO,SUN,729,EWR,DCA,0,0
CO,SUN,1257,EWR,DCA,0,0
CO,SUN,1732,EWR,DCA,0,1
CO,SUN,1852,EWR,DCA,0,0
DH,SUN,831,EWR,IAD,0,0
DH,SUN,1710,EWR,IAD,0,0
DH,SUN,1359,EWR,IAD,0,1
DH,SUN,2112,EWR,IAD,0,0
DH,SUN,622,EWR,IAD,0,0
DH,SUN,1421,EWR,IAD,0,0
RU,SUN,1348,EWR,DCA,0,0
RU,SUN,858,EWR,DCA,0,0
RU,SUN,1519,EWR,DCA,0,0
RU,SUN,1649,EWR,IAD,0,0
RU,SUN,1857,EWR,IAD,0,0
RU,SUN,2056,EWR,DCA,0,0
RU,SUN,1253,EWR,IAD,0,0
RU,SUN,651,EWR,DCA,0,0
RU,SUN,1622,EWR,DCA,0,0
RU,SUN,657,EWR,IAD,0,0
RU,SUN,1456,EWR,IAD,0,0
OH,MON,1453,JFK,BWI,0,0
DH,MON,1639,JFK,DCA,0,0
DH,MON,1238,LGA,IAD,0,0
DH,MON,1922,LGA,IAD,0,1
DH,MON,2124,LGA,IAD,0,0
DH,MON,655,LGA,IAD,0,1
DH,MON,1038,LGA,IAD,0,0
DH,MON,833,JFK,IAD,0,0
DH,MON,1236,JFK,IAD,0,0
DH,MON,1450,JFK,IAD,0,0
DH,MON,1640,JFK,IAD,0,0
DH,MON,1713,JFK,IAD,0,0
DH,MON,2125,JFK,IAD,0,0
DH,MON,1642,JFK,IAD,0,1
DL,MON,1453,JFK,DCA,0,0
DL,MON,629,LGA,DCA,0,0
DL,MON,729,LGA,DCA,0,0
DL,MON,831,LGA,DCA,0,0
DL,MON,929,LGA,DCA,0,0
DL,MON,1029,LGA,DCA,0,0
DL,MON,1128,LGA,DCA,0,0
DL,MON,1228,LGA,DCA,0,0
DL,MON,1329,LGA,DCA,0,0
DL,MON,1429,LGA,DCA,0,0
DL,MON,1529,LGA,DCA,0,0
DL,MON,1634,LGA,DCA,0,1
DL,MON,1733,LGA,DCA,0,0
DL,MON,1830,LGA,DCA,0,0
DL,MON,1930,LGA,DCA,0,0
DL,MON,2028,LGA,DCA,0,1
MQ,MON,1516,JFK,DCA,0,0
MQ,MON,553,JFK,DCA,0,0
MQ,MON,1851,JFK,DCA,0,1
MQ,MON,650,LGA,DCA,0,0
MQ,MON,755,LGA,DCA,0,0
MQ,MON,851,LGA,DCA,0,0
MQ,MON,1050,LGA,DCA,0,0
MQ,MON,1248,LGA,DCA,0,0
MQ,MON,1401,LGA,DCA,0,0
MQ,MON,1453,LGA,DCA,0,0
MQ,MON,1700,LGA,DCA,0,1
MQ,MON,1811,LGA,DCA,0,1
MQ,MON,2007,LGA,DCA,0,1
UA,MON,845,LGA,IAD,0,0
US,MON,629,LGA,DCA,0,0
US,MON,658,LGA,DCA,0,0
US,MON,756,LGA,DCA,0,0
US,MON,857,LGA,DCA,0,0
US,MON,958,LGA,DCA,0,0
US,MON,1057,LGA,DCA,0,0
US,MON,1156,LGA,DCA,0,0
US,MON,1255,LGA,DCA,0,0
US,MON,1359,LGA,DCA,0,0
US,MON,1459,LGA,DCA,0,0
US,MON,1558,LGA,DCA,0,1
US,MON,1706,LGA,DCA,0,0
US,MON,1759,LGA,DCA,0,0
US,MON,1857,LGA,DCA,0,0
US,MON,1956,LGA,DCA,0,0
US,MON,2056,LGA,DCA,0,0
RU,MON,1025,EWR,BWI,0,0
RU,MON,1831,EWR,BWI,0,1
RU,MON,653,EWR,BWI,0,0
RU,MON,1537,EWR,BWI,0,1
CO,MON,729,EWR,DCA,0,0
CO,MON,1816,EWR,DCA,0,1
CO,MON,1924,EWR,DCA,0,1
CO,MON,1258,EWR,DCA,0,0
DH,MON,836,EWR,IAD,0,0
DH,MON,1708,EWR,IAD,0,0
DH,MON,1237,EWR,IAD,0,0
DH,MON,2115,EWR,IAD,0,0
DH,MON,626,EWR,IAD,0,0
DH,MON,1740,EWR,IAD,0,1
RU,MON,1255,EWR,IAD,0,0
RU,MON,655,EWR,IAD,0,0
RU,MON,1456,EWR,IAD,0,0
RU,MON,1655,EWR,IAD,0,0
RU,MON,1355,EWR,DCA,0,0
RU,MON,1927,EWR,IAD,0,1
RU,MON,1519,EWR,DCA,0,0
RU,MON,641,EWR,DCA,0,0
RU,MON,1625,EWR,DCA,0,0
RU,MON,855,EWR,DCA,0,0
RU,MON,2055,EWR,DCA,0,0
OH,TUE,1500,JFK,BWI,0,0
DH,TUE,1630,JFK,DCA,0,0
DH,TUE,1243,LGA,IAD,0,0
DH,TUE,1722,LGA,IAD,0,0
DH,TUE,2118,LGA,IAD,0,0
DH,TUE,640,LGA,IAD,0,0
DH,TUE,1034,LGA,IAD,0,0
DH,TUE,844,JFK,IAD,0,0
DH,TUE,1243,JFK,IAD,0,0
DH,TUE,1450,JFK,IAD,0,0
DH,TUE,1640,JFK,IAD,0,0
DH,TUE,1714,JFK,IAD,0,0
DH,TUE,2119,JFK,IAD,0,0
DH,TUE,1631,JFK,IAD,0,0
DL,TUE,1454,JFK,DCA,0,0
DL,TUE,631,LGA,DCA,0,0
DL,TUE,730,LGA,DCA,0,0
DL,TUE,829,LGA,DCA,0,0
DL,TUE,929,LGA,DCA,0,0
DL,TUE,1029,LGA,DCA,0,0
DL,TUE,1132,LGA,DCA,0,1
DL,TUE,1230,LGA,DCA,0,0
DL,TUE,1329,LGA,DCA,0,0
DL,TUE,1431,LGA,DCA,0,0
DL,TUE,1530,LGA,DCA,0,1
DL,TUE,1631,LGA,DCA,0,0
DL,TUE,1728,LGA,DCA,0,0
DL,TUE,1829,LGA,DCA,0,0
DL,TUE,1928,LGA,DCA,0,1
DL,TUE,2030,LGA,DCA,0,1
MQ,TUE,1526,JFK,DCA,0,0
MQ,TUE,553,JFK,DCA,0,0
MQ,TUE,1825,JFK,DCA,0,0
MQ,TUE,657,LGA,DCA,0,1
MQ,TUE,757,LGA,DCA,0,0
MQ,TUE,853,LGA,DCA,0,0
MQ,TUE,1111,LGA,DCA,0,1
MQ,TUE,1255,LGA,DCA,0,0
MQ,TUE,1454,LGA,DCA,0,0
MQ,TUE,1612,LGA,DCA,0,0
MQ,TUE,1658,LGA,DCA,0,0
MQ,TUE,1917,LGA,DCA,0,0
UA,TUE,847,LGA,IAD,0,0
US,TUE,627,LGA,DCA,0,0
US,TUE,657,LGA,DCA,0,0
US,TUE,757,LGA,DCA,0,0
US,TUE,856,LGA,DCA,0,0
US,TUE,1001,LGA,DCA,0,0
US,TUE,1057,LGA,DCA,0,0
US,TUE,1157,LGA,DCA,0,0
US,TUE,1257,LGA,DCA,0,0
US,TUE,1356,LGA,DCA,0,0
US,TUE,1500,LGA,DCA,0,0
US,TUE,1559,LGA,DCA,0,0
US,TUE,1653,LGA,DCA,0,0
US,TUE,1757,LGA,DCA,0,0
US,TUE,1858,LGA,DCA,0,0
US,TUE,1959,LGA,DCA,0,1
US,TUE,2059,LGA,DCA,0,0
RU,TUE,655,EWR,BWI,0,0
RU,TUE,1449,EWR,BWI,0,0
RU,TUE,1722,EWR,BWI,0,0
RU,TUE,1035,EWR,BWI,0,0
CO,TUE,1257,EWR,DCA,0,0
CO,TUE,1915,EWR,DCA,0,0
CO,TUE,731,EWR,DCA,0,0
CO,TUE,1745,EWR,DCA,0,1
DH,TUE,848,EWR,IAD,0,0
DH,TUE,1703,EWR,IAD,0,0
DH,TUE,1245,EWR,IAD,0,0
DH,TUE,2330,EWR,IAD,0,1
DH,TUE,629,EWR,IAD,0,0
DH,TUE,1502,EWR,IAD,0,1
RU,TUE,656,EWR,IAD,0,0
RU,TUE,1703,EWR,IAD,0,0
RU,TUE,856,EWR,DCA,0,0
RU,TUE,1355,EWR,DCA,0,0
RU,TUE,643,EWR,DCA,0,0
RU,TUE,1456,EWR,IAD,0,0
RU,TUE,1625,EWR,DCA,0,0
RU,TUE,1858,EWR,IAD,0,0
RU,TUE,1255,EWR,IAD,0,0
RU,TUE,1524,EWR,DCA,0,0
RU,TUE,2100,EWR,DCA,0,0
OH,WED,1455,JFK,BWI,0,0
DH,WED,1637,JFK,DCA,0,0
DH,WED,1310,LGA,IAD,0,0
DH,WED,1545,LGA,IAD,0,1
DH,WED,2133,LGA,IAD,0,1
DH,WED,858,JFK,IAD,0,0
DH,WED,1236,JFK,IAD,0,0
DH,WED,1502,JFK,IAD,0,0
DH,WED,1644,JFK,IAD,0,0
DH,WED,1714,JFK,IAD,0,0
DH,WED,2138,JFK,IAD,0,0
DH,WED,1605,JFK,IAD,0,0
DL,WED,1501,JFK,DCA,0,0
DL,WED,630,LGA,DCA,0,0
DL,WED,729,LGA,DCA,0,1
DL,WED,943,LGA,DCA,0,0
DL,WED,1130,LGA,DCA,0,0
DL,WED,1330,LGA,DCA,0,0
DL,WED,1428,LGA,DCA,0,0
DL,WED,1530,LGA,DCA,0,0
DL,WED,1630,LGA,DCA,0,0
DL,WED,1736,LGA,DCA,0,0
DL,WED,1831,LGA,DCA,0,0
DL,WED,1928,LGA,DCA,0,1
DL,WED,2029,LGA,DCA,0,1
MQ,WED,1523,JFK,DCA,0,0
MQ,WED,553,JFK,DCA,0,0
MQ,WED,1834,JFK,DCA,0,0
MQ,WED,800,LGA,DCA,0,1
MQ,WED,1050,LGA,DCA,0,0
MQ,WED,1341,LGA,DCA,0,1
MQ,WED,1400,LGA,DCA,0,0
MQ,WED,1519,LGA,DCA,0,0
MQ,WED,1643,LGA,DCA,0,1
MQ,WED,1758,LGA,DCA,0,1
MQ,WED,2012,LGA,DCA,0,1
UA,WED,955,LGA,IAD,0,1
US,WED,627,LGA,DCA,0,1
US,WED,815,LGA,DCA,0,0
US,WED,1019,LGA,DCA,0,1
US,WED,1058,LGA,DCA,0,0
US,WED,1158,LGA,DCA,0,0
US,WED,1358,LGA,DCA,0,0
US,WED,1458,LGA,DCA,0,0
US,WED,1559,LGA,DCA,0,0
US,WED,1701,LGA,DCA,0,0
US,WED,1759,LGA,DCA,0,0
US,WED,1858,LGA,DCA,0,1
US,WED,2056,LGA,DCA,0,1
RU,WED,1450,EWR,BWI,0,0
RU,WED,1027,EWR,BWI,0,1
RU,WED,1811,EWR,BWI,0,1
CO,WED,815,EWR,DCA,0,1
CO,WED,1951,EWR,DCA,0,1
CO,WED,1256,EWR,DCA,0,0
DH,WED,835,EWR,IAD,0,0
DH,WED,1237,EWR,IAD,0,0
DH,WED,2116,EWR,IAD,0,0
DH,WED,623,EWR,IAD,0,0
RU,WED,643,EWR,DCA,0,0
RU,WED,1952,EWR,IAD,0,1
RU,WED,654,EWR,IAD,0,1
RU,WED,1345,EWR,IAD,0,1
RU,WED,1646,EWR,DCA,0,0
RU,WED,1525,EWR,DCA,0,0
RU,WED,1504,EWR,IAD,0,0
RU,WED,2140,EWR,DCA,0,1
RU,WED,956,EWR,DCA,0,1
RU,WED,1359,EWR,DCA,0,0
OH,THUR,1455,JFK,BWI,0,0
DH,THUR,1648,JFK,DCA,0,0
DH,THUR,1545,LGA,IAD,0,1
DH,THUR,1952,LGA,IAD,0,1
DH,THUR,2117,LGA,IAD,0,0
DH,THUR,640,LGA,IAD,0,0
DH,THUR,840,JFK,IAD,0,0
DH,THUR,1246,JFK,IAD,0,0
DH,THUR,1454,JFK,IAD,0,0
DH,THUR,1653,JFK,IAD,0,0
DH,THUR,1709,JFK,IAD,0,0
DH,THUR,2127,JFK,IAD,0,0
DH,THUR,1607,JFK,IAD,0,0
DL,THUR,1500,JFK,DCA,0,1
DL,THUR,630,LGA,DCA,0,0
DL,THUR,739,LGA,DCA,0,0
DL,THUR,829,LGA,DCA,0,1
DL,THUR,929,LGA,DCA,0,0
DL,THUR,1040,LGA,DCA,0,1
DL,THUR,1129,LGA,DCA,0,0
DL,THUR,1228,LGA,DCA,0,0
DL,THUR,1331,LGA,DCA,0,0
DL,THUR,1429,LGA,DCA,0,0
DL,THUR,1532,LGA,DCA,0,0
DL,THUR,1630,LGA,DCA,0,0
DL,THUR,1728,LGA,DCA,0,0
DL,THUR,1830,LGA,DCA,0,0
DL,THUR,1931,LGA,DCA,0,0
DL,THUR,2028,LGA,DCA,0,0
MQ,THUR,1522,JFK,DCA,0,0
MQ,THUR,553,JFK,DCA,0,0
MQ,THUR,2019,JFK,DCA,0,1
MQ,THUR,747,LGA,DCA,0,1
MQ,THUR,856,LGA,DCA,0,1
MQ,THUR,1217,LGA,DCA,0,1
MQ,THUR,1315,LGA,DCA,0,1
MQ,THUR,1429,LGA,DCA,0,1
MQ,THUR,1705,LGA,DCA,0,1
MQ,THUR,1729,LGA,DCA,0,1
MQ,THUR,2006,LGA,DCA,0,1
UA,THUR,955,LGA,IAD,0,1
US,THUR,628,LGA,DCA,0,0
US,THUR,657,LGA,DCA,0,0
US,THUR,756,LGA,DCA,0,0
US,THUR,859,LGA,DCA,0,1
US,THUR,958,LGA,DCA,0,0
US,THUR,1059,LGA,DCA,0,0
US,THUR,1151,LGA,DCA,0,0
US,THUR,1258,LGA,DCA,0,0
US,THUR,1356,LGA,DCA,0,0
US,THUR,1457,LGA,DCA,0,0
US,THUR,1558,LGA,DCA,0,0
US,THUR,1658,LGA,DCA,0,0
US,THUR,1758,LGA,DCA,0,0
US,THUR,1900,LGA,DCA,0,1
US,THUR,2000,LGA,DCA,0,0
US,THUR,2057,LGA,DCA,0,0
RU,THUR,1849,EWR,BWI,0,1
RU,THUR,1053,EWR,BWI,0,1
RU,THUR,1600,EWR,BWI,0,1
RU,THUR,654,EWR,BWI,0,0
CO,THUR,1423,EWR,DCA,0,1
CO,THUR,1912,EWR,DCA,0,1
CO,THUR,729,EWR,DCA,0,0
DH,THUR,834,EWR,IAD,0,0
DH,THUR,1711,EWR,IAD,0,0
DH,THUR,1249,EWR,IAD,0,0
DH,THUR,2120,EWR,IAD,0,0
DH,THUR,700,EWR,IAD,0,1
RU,THUR,1602,EWR,IAD,0,1
RU,THUR,643,EWR,DCA,0,0
RU,THUR,1622,EWR,DCA,0,1
RU,THUR,1549,EWR,DCA,0,1
RU,THUR,1753,EWR,DCA,0,1
RU,THUR,1421,EWR,IAD,0,1
RU,THUR,859,EWR,DCA,0,0
RU,THUR,2045,EWR,IAD,0,1
RU,THUR,657,EWR,IAD,0,0
RU,THUR,2050,EWR,DCA,0,0
RU,THUR,1827,EWR,IAD,0,1
OH,FRI,1455,JFK,BWI,0,0
DH,FRI,1637,JFK,DCA,0,0
DH,FRI,1244,LGA,IAD,0,0
DH,FRI,1714,LGA,IAD,0,0
DH,FRI,2230,LGA,IAD,0,1
DH,FRI,853,JFK,IAD,0,0
DH,FRI,1236,JFK,IAD,0,0
DH,FRI,1641,JFK,IAD,0,0
DH,FRI,1720,JFK,IAD,0,1
DH,FRI,2136,JFK,IAD,0,1
DH,FRI,1808,JFK,IAD,0,1
DL,FRI,1509,JFK,DCA,0,1
DL,FRI,727,LGA,DCA,0,0
DL,FRI,828,LGA,DCA,0,0
DL,FRI,1028,LGA,DCA,0,0
DL,FRI,1430,LGA,DCA,0,0
DL,FRI,1708,LGA,DCA,0,1
DL,FRI,1829,LGA,DCA,0,0
DL,FRI,2026,LGA,DCA,0,0
MQ,FRI,1529,JFK,DCA,0,0
MQ,FRI,554,JFK,DCA,0,0
MQ,FRI,1827,JFK,DCA,0,0
MQ,FRI,855,LGA,DCA,0,0
MQ,FRI,1247,LGA,DCA,0,0
UA,FRI,849,LGA,IAD,0,0
US,FRI,654,LGA,DCA,0,0
US,FRI,859,LGA,DCA,0,0
US,FRI,1100,LGA,DCA,0,0
US,FRI,1259,LGA,DCA,0,0
US,FRI,1456,LGA,DCA,0,0
US,FRI,1658,LGA,DCA,0,0
US,FRI,1854,LGA,DCA,0,0
RU,FRI,1717,EWR,BWI,0,0
RU,FRI,1445,EWR,BWI,0,0
RU,FRI,1028,EWR,BWI,0,0
RU,FRI,658,EWR,BWI,0,0
CO,FRI,1258,EWR,DCA,0,0
DH,FRI,835,EWR,IAD,0,0
DH,FRI,1700,EWR,IAD,0,0
DH,FRI,1240,EWR,IAD,0,0
DH,FRI,2119,EWR,IAD,0,1
RU,FRI,658,EWR,IAD,0,0
RU,FRI,1601,EWR,DCA,0,0
RU,FRI,1727,EWR,DCA,0,0
RU,FRI,1351,EWR,DCA,0,0
RU,FRI,1457,EWR,IAD,0,0
RU,FRI,924,EWR,DCA,0,0
RU,FRI,1655,EWR,IAD,0,0
RU,FRI,641,EWR,DCA,0,0
OH,SAT,1455,JFK,BWI,0,0
DH,SAT,1659,JFK,DCA,0,1
DH,SAT,1302,LGA,IAD,0,0
DH,SAT,1526,LGA,IAD,0,1
DH,SAT,1802,LGA,IAD,0,1
DH,SAT,2110,LGA,IAD,0,0
DH,SAT,833,JFK,IAD,0,0
DH,SAT,1249,JFK,IAD,0,0
DH,SAT,1539,JFK,IAD,0,1
DH,SAT,1646,JFK,IAD,0,0
DH,SAT,1709,JFK,IAD,0,1
DH,SAT,2111,JFK,IAD,0,0
DH,SAT,1706,JFK,IAD,0,1
DL,SAT,1555,JFK,DCA,0,1
DL,SAT,830,LGA,DCA,0,0
DL,SAT,1029,LGA,DCA,0,0
DL,SAT,1230,LGA,DCA,0,1
DL,SAT,1430,LGA,DCA,0,0
DL,SAT,1632,LGA,DCA,0,0
DL,SAT,1843,LGA,DCA,0,1
DL,SAT,2029,LGA,DCA,0,0
MQ,SAT,1549,JFK,DCA,0,1
MQ,SAT,552,JFK,DCA,0,1
MQ,SAT,919,JFK,DCA,0,0
MQ,SAT,2023,JFK,DCA,0,1
MQ,SAT,1330,LGA,DCA,0,1
MQ,SAT,1540,LGA,DCA,0,1
MQ,SAT,1818,LGA,DCA,0,1
MQ,SAT,2004,LGA,DCA,0,1
UA,SAT,848,LGA,IAD,0,0
US,SAT,858,LGA,DCA,0,0
US,SAT,954,LGA,DCA,0,0
US,SAT,1102,LGA,DCA,0,0
US,SAT,1159,LGA,DCA,0,0
US,SAT,1257,LGA,DCA,0,1
US,SAT,1356,LGA,DCA,0,0
US,SAT,1555,LGA,DCA,0,1
US,SAT,1757,LGA,DCA,0,0
US,SAT,1855,LGA,DCA,0,0
US,SAT,1957,LGA,DCA,0,0
US,SAT,2055,LGA,DCA,0,0
RU,SAT,1057,EWR,BWI,1,1
RU,SAT,1314,EWR,BWI,0,1
RU,SAT,1528,EWR,BWI,0,1
CO,SAT,1258,EWR,DCA,0,0
CO,SAT,1754,EWR,DCA,0,1
CO,SAT,1959,EWR,DCA,0,1
DH,SAT,834,EWR,IAD,0,0
DH,SAT,1900,EWR,IAD,0,1
DH,SAT,1246,EWR,IAD,0,1
DH,SAT,2117,EWR,IAD,0,0
RU,SAT,1630,EWR,IAD,0,1
RU,SAT,1622,EWR,DCA,0,1
RU,SAT,841,EWR,IAD,0,0
RU,SAT,925,EWR,DCA,0,0
OH,SUN,1455,JFK,BWI,0,0
DH,SUN,1636,JFK,DCA,0,0
DH,SUN,1303,LGA,IAD,0,0
DH,SUN,1445,LGA,IAD,0,0
DH,SUN,1709,LGA,IAD,0,0
DH,SUN,10,LGA,IAD,0,1
DH,SUN,847,LGA,IAD,0,1
DH,SUN,1035,LGA,IAD,0,0
DH,SUN,833,JFK,IAD,0,0
DH,SUN,1237,JFK,IAD,0,0
DH,SUN,1454,JFK,IAD,0,0
DH,SUN,1641,JFK,IAD,0,0
DH,SUN,1710,JFK,IAD,0,0
DH,SUN,2121,JFK,IAD,0,0
DH,SUN,1603,JFK,IAD,0,0
DL,SUN,1506,JFK,DCA,0,1
DL,SUN,731,LGA,DCA,0,0
DL,SUN,842,LGA,DCA,0,0
DL,SUN,1029,LGA,DCA,0,0
DL,SUN,1231,LGA,DCA,0,0
DL,SUN,1431,LGA,DCA,0,0
DL,SUN,1530,LGA,DCA,0,0
DL,SUN,1630,LGA,DCA,0,0
DL,SUN,1829,LGA,DCA,0,0
DL,SUN,1930,LGA,DCA,0,0
DL,SUN,2029,LGA,DCA,0,0
MQ,SUN,1536,JFK,DCA,0,0
MQ,SUN,553,JFK,DCA,0,0
MQ,SUN,1846,JFK,DCA,0,1
MQ,SUN,758,LGA,DCA,0,1
MQ,SUN,822,LGA,DCA,0,1
MQ,SUN,858,LGA,DCA,0,0
MQ,SUN,1100,LGA,DCA,0,0
MQ,SUN,1253,LGA,DCA,0,0
MQ,SUN,1356,LGA,DCA,0,0
MQ,SUN,1534,LGA,DCA,0,1
MQ,SUN,1559,LGA,DCA,0,0
MQ,SUN,1717,LGA,DCA,0,0
MQ,SUN,1937,LGA,DCA,0,1
UA,SUN,846,LGA,IAD,0,0
US,SUN,627,LGA,DCA,0,0
US,SUN,656,LGA,DCA,0,0
US,SUN,758,LGA,DCA,0,0
US,SUN,858,LGA,DCA,0,0
US,SUN,955,LGA,DCA,0,0
US,SUN,1059,LGA,DCA,0,0
US,SUN,1157,LGA,DCA,0,0
US,SUN,1256,LGA,DCA,0,0
US,SUN,1353,LGA,DCA,0,0
US,SUN,1456,LGA,DCA,0,0
US,SUN,1558,LGA,DCA,0,0
US,SUN,1656,LGA,DCA,0,0
US,SUN,1755,LGA,DCA,0,0
US,SUN,1855,LGA,DCA,0,0
US,SUN,1956,LGA,DCA,0,0
US,SUN,2057,LGA,DCA,0,0
RU,SUN,1710,EWR,BWI,0,0
RU,SUN,1028,EWR,BWI,0,0
RU,SUN,654,EWR,BWI,0,0
RU,SUN,1451,EWR,BWI,0,0
CO,SUN,1732,EWR,DCA,0,1
CO,SUN,1253,EWR,DCA,0,0
CO,SUN,728,EWR,DCA,0,0
CO,SUN,1857,EWR,DCA,0,0
DH,SUN,832,EWR,IAD,0,0
DH,SUN,1705,EWR,IAD,0,0
DH,SUN,1237,EWR,IAD,0,0
DH,SUN,2300,EWR,IAD,0,1
DH,SUN,627,EWR,IAD,0,0
DH,SUN,1427,EWR,IAD,0,0
RU,SUN,2051,EWR,IAD,0,1
RU,SUN,1258,EWR,IAD,0,0
RU,SUN,645,EWR,DCA,0,0
RU,SUN,1530,EWR,DCA,0,0
RU,SUN,656,EWR,IAD,0,0
RU,SUN,1659,EWR,IAD,0,0
RU,SUN,1455,EWR,IAD,0,0
RU,SUN,1628,EWR,DCA,0,0
RU,SUN,1355,EWR,DCA,0,0
RU,SUN,855,EWR,DCA,0,0
RU,SUN,2052,EWR,DCA,0,0
OH,MON,1500,JFK,BWI,0,0
DH,MON,1637,JFK,DCA,0,0
DH,MON,1300,LGA,IAD,0,0
DH,MON,1455,LGA,IAD,0,0
DH,MON,1725,LGA,IAD,0,0
DH,MON,2143,LGA,IAD,0,0
DH,MON,635,LGA,IAD,0,0
DH,MON,1033,LGA,IAD,0,0
DH,MON,835,JFK,IAD,0,0
DH,MON,1351,JFK,IAD,0,1
DH,MON,1446,JFK,IAD,0,0
DH,MON,1643,JFK,IAD,0,0
DH,MON,1706,JFK,IAD,0,0
DH,MON,2118,JFK,IAD,0,0
DH,MON,1632,JFK,IAD,0,0
DL,MON,1514,JFK,DCA,0,1
DL,MON,629,LGA,DCA,0,0
DL,MON,729,LGA,DCA,0,0
DL,MON,839,LGA,DCA,0,0
DL,MON,929,LGA,DCA,0,0
DL,MON,1029,LGA,DCA,0,0
DL,MON,1129,LGA,DCA,0,0
DL,MON,1227,LGA,DCA,0,0
DL,MON,1329,LGA,DCA,0,0
DL,MON,1430,LGA,DCA,0,0
DL,MON,1531,LGA,DCA,0,0
DL,MON,1717,LGA,DCA,0,1
DL,MON,1731,LGA,DCA,0,0
DL,MON,1831,LGA,DCA,0,0
DL,MON,1930,LGA,DCA,0,0
DL,MON,2029,LGA,DCA,0,0
MQ,MON,1522,JFK,DCA,0,0
MQ,MON,548,JFK,DCA,0,0
MQ,MON,1823,JFK,DCA,0,0
MQ,MON,653,LGA,DCA,0,0
MQ,MON,759,LGA,DCA,0,0
MQ,MON,850,LGA,DCA,0,0
MQ,MON,1057,LGA,DCA,0,0
MQ,MON,1255,LGA,DCA,0,0
MQ,MON,1350,LGA,DCA,0,0
MQ,MON,1458,LGA,DCA,0,0
MQ,MON,1551,LGA,DCA,0,0
MQ,MON,2004,LGA,DCA,0,1
UA,MON,844,LGA,IAD,0,0
US,MON,626,LGA,DCA,0,0
US,MON,658,LGA,DCA,0,0
US,MON,758,LGA,DCA,0,0
US,MON,859,LGA,DCA,0,0
US,MON,957,LGA,DCA,0,0
US,MON,1055,LGA,DCA,0,0
US,MON,1156,LGA,DCA,0,0
US,MON,1258,LGA,DCA,0,0
US,MON,1357,LGA,DCA,0,0
US,MON,1456,LGA,DCA,0,0
US,MON,1554,LGA,DCA,0,0
US,MON,1657,LGA,DCA,0,0
US,MON,1758,LGA,DCA,0,0
US,MON,1858,LGA,DCA,0,0
US,MON,1957,LGA,DCA,0,0
US,MON,2057,LGA,DCA,0,0
RU,MON,1453,EWR,BWI,0,0
RU,MON,1027,EWR,BWI,0,0
RU,MON,1723,EWR,BWI,0,1
RU,MON,655,EWR,BWI,0,0
CO,MON,1856,EWR,DCA,0,0
CO,MON,1723,EWR,DCA,0,0
CO,MON,1250,EWR,DCA,0,0
CO,MON,729,EWR,DCA,0,0
DH,MON,835,EWR,IAD,0,0
DH,MON,1700,EWR,IAD,0,0
DH,MON,1236,EWR,IAD,0,0
DH,MON,2113,EWR,IAD,0,0
DH,MON,625,EWR,IAD,0,0
DH,MON,1426,EWR,IAD,0,0
RU,MON,1624,EWR,DCA,0,0
RU,MON,2052,EWR,DCA,0,0
RU,MON,1357,EWR,DCA,0,0
RU,MON,1650,EWR,IAD,0,0
RU,MON,638,EWR,DCA,0,0
RU,MON,1855,EWR,IAD,0,0
RU,MON,859,EWR,DCA,0,0
RU,MON,1255,EWR,IAD,0,0
RU,MON,1555,EWR,DCA,0,1
RU,MON,1456,EWR,IAD,0,0
RU,MON,708,EWR,IAD,0,1
OH,TUE,1455,JFK,BWI,0,0
DH,TUE,1239,LGA,IAD,0,0
DH,TUE,1448,LGA,IAD,0,0
DH,TUE,1714,LGA,IAD,0,0
DH,TUE,2220,LGA,IAD,0,1
DH,TUE,702,LGA,IAD,0,1
DH,TUE,1032,LGA,IAD,0,0
DH,TUE,836,JFK,IAD,0,0
DH,TUE,1237,JFK,IAD,0,0
DH,TUE,1504,JFK,IAD,0,0
DH,TUE,1639,JFK,IAD,0,0
DH,TUE,1710,JFK,IAD,0,0
DH,TUE,2118,JFK,IAD,0,0
DH,TUE,1603,JFK,IAD,0,0
DL,TUE,1456,JFK,DCA,0,0
DL,TUE,630,LGA,DCA,0,0
DL,TUE,730,LGA,DCA,0,0
DL,TUE,831,LGA,DCA,0,0
DL,TUE,931,LGA,DCA,0,0
DL,TUE,1031,LGA,DCA,0,0
DL,TUE,1131,LGA,DCA,0,0
DL,TUE,1230,LGA,DCA,0,0
DL,TUE,1332,LGA,DCA,0,0
DL,TUE,1431,LGA,DCA,0,0
DL,TUE,1530,LGA,DCA,0,0
DL,TUE,1632,LGA,DCA,0,1
DL,TUE,1730,LGA,DCA,0,0
DL,TUE,1828,LGA,DCA,0,0
DL,TUE,1928,LGA,DCA,0,0
DL,TUE,2032,LGA,DCA,0,0
MQ,TUE,1525,JFK,DCA,0,0
MQ,TUE,555,JFK,DCA,0,0
MQ,TUE,1830,JFK,DCA,0,0
MQ,TUE,652,LGA,DCA,0,0
MQ,TUE,753,LGA,DCA,0,0
MQ,TUE,857,LGA,DCA,0,0
MQ,TUE,1050,LGA,DCA,0,0
MQ,TUE,1252,LGA,DCA,0,0
MQ,TUE,1349,LGA,DCA,0,0
MQ,TUE,1452,LGA,DCA,0,0
MQ,TUE,1556,LGA,DCA,0,0
MQ,TUE,1653,LGA,DCA,0,0
MQ,TUE,1853,LGA,DCA,0,0
UA,TUE,846,LGA,IAD,0,0
US,TUE,627,LGA,DCA,0,0
US,TUE,659,LGA,DCA,0,0
US,TUE,759,LGA,DCA,0,0
US,TUE,855,LGA,DCA,0,0
US,TUE,956,LGA,DCA,0,0
US,TUE,1056,LGA,DCA,0,0
US,TUE,1155,LGA,DCA,0,0
US,TUE,1255,LGA,DCA,0,0
US,TUE,1357,LGA,DCA,0,0
US,TUE,1456,LGA,DCA,0,0
US,TUE,1558,LGA,DCA,0,0
US,TUE,1658,LGA,DCA,0,0
US,TUE,1803,LGA,DCA,0,0
US,TUE,1859,LGA,DCA,0,0
US,TUE,1956,LGA,DCA,0,0
US,TUE,2058,LGA,DCA,0,0
RU,TUE,658,EWR,BWI,0,0
RU,TUE,1452,EWR,BWI,0,0
RU,TUE,1726,EWR,BWI,0,1
RU,TUE,1028,EWR,BWI,0,0
CO,TUE,1727,EWR,DCA,0,1
CO,TUE,1858,EWR,DCA,0,0
CO,TUE,1256,EWR,DCA,0,0
CO,TUE,728,EWR,DCA,0,0
DH,TUE,859,EWR,IAD,0,0
DH,TUE,1702,EWR,IAD,0,1
DH,TUE,1235,EWR,IAD,0,0
DH,TUE,2145,EWR,IAD,0,0
DH,TUE,627,EWR,IAD,0,0
DH,TUE,1424,EWR,IAD,0,0
RU,TUE,643,EWR,DCA,0,0
RU,TUE,1455,EWR,IAD,0,1
RU,TUE,2054,EWR,DCA,0,0
RU,TUE,1648,EWR,DCA,0,1
RU,TUE,1857,EWR,IAD,0,0
RU,TUE,1520,EWR,DCA,0,1
RU,TUE,659,EWR,IAD,0,0
RU,TUE,1356,EWR,DCA,0,0
RU,TUE,1654,EWR,IAD,0,0
RU,TUE,1251,EWR,IAD,0,0
RU,TUE,858,EWR,DCA,0,0
OH,WED,1540,JFK,BWI,0,1
DH,WED,1641,JFK,DCA,0,0
DH,WED,1324,LGA,IAD,0,1
DH,WED,1540,LGA,IAD,0,1
DH,WED,1715,LGA,IAD,0,0
DH,WED,2114,LGA,IAD,0,0
DH,WED,642,LGA,IAD,0,0
DH,WED,1034,LGA,IAD,0,0
DH,WED,830,JFK,IAD,0,0
DH,WED,1237,JFK,IAD,0,0
DH,WED,1455,JFK,IAD,0,0
DH,WED,1642,JFK,IAD,0,0
DH,WED,1707,JFK,IAD,0,0
DH,WED,2116,JFK,IAD,0,0
DH,WED,1607,JFK,IAD,0,0
DL,WED,1458,JFK,DCA,0,0
DL,WED,629,LGA,DCA,0,0
DL,WED,729,LGA,DCA,0,0
DL,WED,831,LGA,DCA,0,0
DL,WED,928,LGA,DCA,0,0
DL,WED,1030,LGA,DCA,0,0
DL,WED,1129,LGA,DCA,0,0
DL,WED,1231,LGA,DCA,0,0
DL,WED,1331,LGA,DCA,0,0
DL,WED,1429,LGA,DCA,0,1
DL,WED,1530,LGA,DCA,0,0
DL,WED,1633,LGA,DCA,0,1
DL,WED,1731,LGA,DCA,0,1
DL,WED,1831,LGA,DCA,0,0
DL,WED,1928,LGA,DCA,0,0
DL,WED,2033,LGA,DCA,0,0
MQ,WED,1517,JFK,DCA,0,0
MQ,WED,553,JFK,DCA,0,0
MQ,WED,1823,JFK,DCA,0,0
MQ,WED,730,LGA,DCA,0,0
MQ,WED,758,LGA,DCA,0,0
MQ,WED,852,LGA,DCA,0,0
MQ,WED,1056,LGA,DCA,0,0
MQ,WED,1255,LGA,DCA,0,0
MQ,WED,1359,LGA,DCA,0,0
MQ,WED,1459,LGA,DCA,0,0
MQ,WED,1559,LGA,DCA,0,0
MQ,WED,1652,LGA,DCA,0,0
MQ,WED,1854,LGA,DCA,0,0
UA,WED,847,LGA,IAD,0,0
US,WED,625,LGA,DCA,0,0
US,WED,654,LGA,DCA,0,0
US,WED,754,LGA,DCA,0,0
US,WED,857,LGA,DCA,0,0
US,WED,955,LGA,DCA,0,0
US,WED,1055,LGA,DCA,0,0
US,WED,1153,LGA,DCA,0,0
US,WED,1255,LGA,DCA,0,0
US,WED,1355,LGA,DCA,0,0
US,WED,1456,LGA,DCA,0,0
US,WED,1559,LGA,DCA,0,0
US,WED,1658,LGA,DCA,0,0
US,WED,1759,LGA,DCA,0,0
US,WED,1900,LGA,DCA,0,0
US,WED,2011,LGA,DCA,0,0
US,WED,2139,LGA,DCA,0,1
RU,WED,658,EWR,BWI,0,0
RU,WED,1030,EWR,BWI,0,0
RU,WED,1450,EWR,BWI,0,0
RU,WED,1803,EWR,BWI,0,1
CO,WED,1258,EWR,DCA,0,0
CO,WED,729,EWR,DCA,0,0
CO,WED,1855,EWR,DCA,0,0
CO,WED,1721,EWR,DCA,0,1
DH,WED,831,EWR,IAD,0,0
DH,WED,1706,EWR,IAD,0,0
DH,WED,1249,EWR,IAD,0,0
DH,WED,2116,EWR,IAD,0,0
DH,WED,624,EWR,IAD,0,0
DH,WED,1425,EWR,IAD,0,0
RU,WED,1356,EWR,DCA,0,0
RU,WED,1522,EWR,DCA,0,0
RU,WED,1627,EWR,DCA,0,0
RU,WED,1307,EWR,IAD,0,0
RU,WED,641,EWR,DCA,0,0
RU,WED,1451,EWR,IAD,0,0
RU,WED,1656,EWR,IAD,0,0
RU,WED,655,EWR,IAD,0,0
RU,WED,1850,EWR,IAD,0,0
RU,WED,2052,EWR,DCA,0,0
RU,WED,854,EWR,DCA,0,0
OH,THUR,1622,JFK,BWI,0,1
DH,THUR,1640,JFK,DCA,0,0
DH,THUR,1239,LGA,IAD,0,1
DH,THUR,1715,LGA,IAD,0,0
DH,THUR,109,LGA,IAD,0,1
DH,THUR,634,LGA,IAD,0,0
DH,THUR,1048,LGA,IAD,0,0
DH,THUR,832,JFK,IAD,0,0
DH,THUR,1236,JFK,IAD,0,0
DH,THUR,1458,JFK,IAD,0,0
DH,THUR,1642,JFK,IAD,0,0
DH,THUR,1706,JFK,IAD,0,0
DH,THUR,2120,JFK,IAD,0,0
DH,THUR,1609,JFK,IAD,0,0
DL,THUR,1456,JFK,DCA,0,0
DL,THUR,627,LGA,DCA,0,0
DL,THUR,726,LGA,DCA,0,0
DL,THUR,828,LGA,DCA,0,0
DL,THUR,928,LGA,DCA,0,0
DL,THUR,1029,LGA,DCA,0,0
DL,THUR,1128,LGA,DCA,0,0
DL,THUR,1229,LGA,DCA,0,0
DL,THUR,1428,LGA,DCA,0,0
DL,THUR,1529,LGA,DCA,0,0
DL,THUR,1631,LGA,DCA,0,0
DL,THUR,1732,LGA,DCA,0,0
DL,THUR,1829,LGA,DCA,0,0
DL,THUR,1929,LGA,DCA,0,0
DL,THUR,2028,LGA,DCA,0,0
MQ,THUR,1530,JFK,DCA,0,1
MQ,THUR,553,JFK,DCA,0,0
MQ,THUR,1827,JFK,DCA,0,0
MQ,THUR,655,LGA,DCA,0,0
MQ,THUR,755,LGA,DCA,0,0
MQ,THUR,850,LGA,DCA,0,0
MQ,THUR,1047,LGA,DCA,0,0
MQ,THUR,1253,LGA,DCA,0,1
MQ,THUR,1358,LGA,DCA,0,0
MQ,THUR,1655,LGA,DCA,0,0
MQ,THUR,1858,LGA,DCA,0,0
UA,THUR,853,LGA,IAD,0,0
US,THUR,626,LGA,DCA,0,0
US,THUR,656,LGA,DCA,0,0
US,THUR,757,LGA,DCA,0,0
US,THUR,855,LGA,DCA,0,0
US,THUR,956,LGA,DCA,0,0
US,THUR,1057,LGA,DCA,0,0
US,THUR,1157,LGA,DCA,0,0
US,THUR,1259,LGA,DCA,0,1
US,THUR,1355,LGA,DCA,0,0
US,THUR,1502,LGA,DCA,0,0
US,THUR,1659,LGA,DCA,0,0
US,THUR,1759,LGA,DCA,0,0
US,THUR,1859,LGA,DCA,0,0
US,THUR,1958,LGA,DCA,0,0
US,THUR,2055,LGA,DCA,0,0
RU,THUR,1449,EWR,BWI,0,1
RU,THUR,1032,EWR,BWI,0,0
RU,THUR,1726,EWR,BWI,0,0
RU,THUR,654,EWR,BWI,0,0
CO,THUR,1731,EWR,DCA,0,0
CO,THUR,1254,EWR,DCA,0,0
CO,THUR,728,EWR,DCA,0,0
CO,THUR,1849,EWR,DCA,0,1
DH,THUR,833,EWR,IAD,0,0
DH,THUR,1820,EWR,IAD,0,1
DH,THUR,1235,EWR,IAD,0,0
DH,THUR,2239,EWR,IAD,0,1
DH,THUR,626,EWR,IAD,0,0
DH,THUR,1427,EWR,IAD,0,0
RU,THUR,2054,EWR,DCA,0,0
RU,THUR,1629,EWR,DCA,0,0
RU,THUR,700,EWR,IAD,0,0
RU,THUR,641,EWR,DCA,0,0
RU,THUR,1451,EWR,IAD,0,0
RU,THUR,1851,EWR,IAD,0,0
RU,THUR,1252,EWR,IAD,0,0
RU,THUR,1528,EWR,DCA,0,1
RU,THUR,1657,EWR,IAD,0,0
RU,THUR,901,EWR,DCA,0,0
RU,THUR,1356,EWR,DCA,0,0
OH,FRI,1455,JFK,BWI,0,0
DH,FRI,1633,JFK,DCA,0,0
DH,FRI,1240,LGA,IAD,0,0
DH,FRI,1711,LGA,IAD,0,0
DH,FRI,2119,LGA,IAD,0,0
DH,FRI,832,JFK,IAD,0,0
DH,FRI,1305,JFK,IAD,0,0
DH,FRI,1644,JFK,IAD,0,0
DH,FRI,1715,JFK,IAD,0,1
DH,FRI,2125,JFK,IAD,0,0
DH,FRI,1751,JFK,IAD,0,0
DL,FRI,1511,JFK,DCA,0,1
DL,FRI,730,LGA,DCA,0,0
DL,FRI,829,LGA,DCA,0,0
DL,FRI,1028,LGA,DCA,0,0
DL,FRI,1230,LGA,DCA,0,0
DL,FRI,1428,LGA,DCA,0,0
DL,FRI,1630,LGA,DCA,0,0
DL,FRI,1829,LGA,DCA,0,0
DL,FRI,2031,LGA,DCA,0,0
MQ,FRI,1525,JFK,DCA,0,0
MQ,FRI,550,JFK,DCA,0,0
MQ,FRI,1812,JFK,DCA,0,0
MQ,FRI,931,LGA,DCA,0,1
MQ,FRI,1319,LGA,DCA,0,0
UA,FRI,849,LGA,IAD,0,0
US,FRI,657,LGA,DCA,0,0
US,FRI,919,LGA,DCA,0,0
US,FRI,1058,LGA,DCA,0,0
US,FRI,1259,LGA,DCA,0,0
US,FRI,1457,LGA,DCA,0,0
US,FRI,1656,LGA,DCA,0,0
US,FRI,1854,LGA,DCA,0,0
RU,FRI,1453,EWR,BWI,0,0
RU,FRI,1715,EWR,BWI,0,0
RU,FRI,654,EWR,BWI,0,1
RU,FRI,1029,EWR,BWI,0,0
CO,FRI,1252,EWR,DCA,0,0
DH,FRI,824,EWR,IAD,0,0
DH,FRI,1658,EWR,IAD,0,0
DH,FRI,1240,EWR,IAD,0,0
DH,FRI,2118,EWR,IAD,0,0
RU,FRI,929,EWR,DCA,0,0
RU,FRI,1456,EWR,IAD,0,0
RU,FRI,1556,EWR,DCA,0,0
RU,FRI,659,EWR,IAD,0,1
RU,FRI,640,EWR,DCA,0,0
RU,FRI,1358,EWR,DCA,0,0
RU,FRI,1658,EWR,IAD,0,0
RU,FRI,1728,EWR,DCA,0,0
OH,SAT,1455,JFK,BWI,0,0
DH,SAT,1656,JFK,DCA,0,0
DH,SAT,1251,LGA,IAD,0,0
DH,SAT,1455,LGA,IAD,0,0
DH,SAT,1900,LGA,IAD,0,1
DH,SAT,2244,LGA,IAD,0,1
DH,SAT,901,JFK,IAD,0,0
DH,SAT,1326,JFK,IAD,0,1
DH,SAT,1452,JFK,IAD,0,0
DH,SAT,1641,JFK,IAD,0,0
DH,SAT,1715,JFK,IAD,0,1
DH,SAT,2122,JFK,IAD,1,1
DH,SAT,1600,JFK,IAD,0,0
DL,SAT,1535,JFK,DCA,0,1
DL,SAT,826,LGA,DCA,0,0
DL,SAT,1026,LGA,DCA,0,0
DL,SAT,1128,LGA,DCA,0,0
DL,SAT,1229,LGA,DCA,0,0
DL,SAT,1330,LGA,DCA,0,0
DL,SAT,1429,LGA,DCA,0,0
DL,SAT,1530,LGA,DCA,0,0
DL,SAT,1633,LGA,DCA,0,0
DL,SAT,1729,LGA,DCA,0,0
DL,SAT,1829,LGA,DCA,0,0
DL,SAT,1930,LGA,DCA,0,0
DL,SAT,2031,LGA,DCA,0,0
MQ,SAT,1604,JFK,DCA,0,1
MQ,SAT,917,JFK,DCA,0,0
MQ,SAT,1852,JFK,DCA,0,0
MQ,SAT,1255,LGA,DCA,0,0
MQ,SAT,1528,LGA,DCA,0,1
MQ,SAT,1659,LGA,DCA,0,0
MQ,SAT,1859,LGA,DCA,0,0
UA,SAT,845,LGA,IAD,0,0
US,SAT,859,LGA,DCA,0,0
US,SAT,954,LGA,DCA,0,0
US,SAT,1053,LGA,DCA,0,0
US,SAT,1156,LGA,DCA,0,0
US,SAT,1254,LGA,DCA,0,0
US,SAT,1356,LGA,DCA,0,0
US,SAT,1455,LGA,DCA,0,0
US,SAT,1600,LGA,DCA,0,0
US,SAT,1655,LGA,DCA,0,0
US,SAT,1754,LGA,DCA,0,0
US,SAT,1855,LGA,DCA,0,0
US,SAT,1953,LGA,DCA,0,0
US,SAT,2057,LGA,DCA,0,1
RU,SAT,1456,EWR,BWI,0,0
RU,SAT,1137,EWR,BWI,0,1
RU,SAT,1729,EWR,BWI,0,0
RU,SAT,1313,EWR,BWI,0,0
CO,SAT,1620,EWR,DCA,0,0
CO,SAT,1251,EWR,DCA,0,0
CO,SAT,1856,EWR,DCA,0,0
DH,SAT,830,EWR,IAD,0,0
DH,SAT,1720,EWR,IAD,0,0
DH,SAT,1238,EWR,IAD,0,0
DH,SAT,2120,EWR,IAD,0,1
DH,SAT,1521,EWR,IAD,0,1
RU,SAT,2244,EWR,DCA,0,1
RU,SAT,926,EWR,DCA,0,0
RU,SAT,840,EWR,IAD,0,0
RU,SAT,1859,EWR,IAD,0,1
RU,SAT,1456,EWR,IAD,0,0
RU,SAT,1655,EWR,IAD,0,0
RU,SAT,1356,EWR,DCA,0,0
RU,SAT,1736,EWR,DCA,0,0
OH,SUN,1500,JFK,BWI,0,0
DH,SUN,1243,LGA,IAD,0,0
DH,SUN,1612,LGA,IAD,0,1
DH,SUN,1947,LGA,IAD,0,1
DH,SUN,2150,LGA,IAD,0,1
DH,SUN,1001,LGA,IAD,0,1
DH,SUN,1035,LGA,IAD,0,1
DH,SUN,839,JFK,IAD,0,0
DH,SUN,1235,JFK,IAD,0,0
DH,SUN,1459,JFK,IAD,0,1
DH,SUN,1759,JFK,IAD,0,1
DH,SUN,1829,JFK,IAD,0,1
DH,SUN,2120,JFK,IAD,0,0
DH,SUN,1635,JFK,IAD,0,0
DL,SUN,1509,JFK,DCA,1,1
DL,SUN,741,LGA,DCA,1,1
DL,SUN,929,LGA,DCA,0,0
DL,SUN,1033,LGA,DCA,0,0
DL,SUN,1129,LGA,DCA,0,0
DL,SUN,1229,LGA,DCA,0,0
DL,SUN,1328,LGA,DCA,0,0
DL,SUN,1433,LGA,DCA,0,1
DL,SUN,1540,LGA,DCA,1,1
DL,SUN,1634,LGA,DCA,0,0
DL,SUN,1730,LGA,DCA,0,0
DL,SUN,1931,LGA,DCA,0,0
DL,SUN,2031,LGA,DCA,0,0
MQ,SUN,1619,JFK,DCA,1,1
MQ,SUN,1956,JFK,DCA,1,1
MQ,SUN,1017,LGA,DCA,1,1
MQ,SUN,920,LGA,DCA,1,1
MQ,SUN,1607,LGA,DCA,1,1
MQ,SUN,2010,LGA,DCA,1,1
UA,SUN,929,LGA,IAD,1,1
US,SUN,646,LGA,DCA,0,1
US,SUN,729,LGA,DCA,0,1
US,SUN,801,LGA,DCA,0,0
US,SUN,925,LGA,DCA,1,1
US,SUN,956,LGA,DCA,0,0
US,SUN,1100,LGA,DCA,0,1
US,SUN,1358,LGA,DCA,0,0
US,SUN,1559,LGA,DCA,0,0
US,SUN,1703,LGA,DCA,0,0
US,SUN,1756,LGA,DCA,0,0
US,SUN,1900,LGA,DCA,0,0
US,SUN,1955,LGA,DCA,0,0
US,SUN,2118,LGA,DCA,0,1
RU,SUN,1737,EWR,BWI,0,1
RU,SUN,1504,EWR,BWI,0,0
CO,SUN,750,EWR,DCA,1,1
CO,SUN,1922,EWR,DCA,0,1
CO,SUN,1254,EWR,DCA,0,0
DH,SUN,840,EWR,IAD,0,0
DH,SUN,1501,EWR,IAD,0,1
DH,SUN,2150,EWR,IAD,0,1
DH,SUN,632,EWR,IAD,0,0
DH,SUN,1457,EWR,IAD,1,1
RU,SUN,1500,EWR,IAD,0,1
RU,SUN,2055,EWR,DCA,0,0
RU,SUN,856,EWR,DCA,0,0
RU,SUN,1939,EWR,IAD,0,1
RU,SUN,1258,EWR,IAD,0,0
RU,SUN,1754,EWR,IAD,0,1
RU,SUN,1358,EWR,DCA,0,0
RU,SUN,1755,EWR,DCA,1,1
OH,MON,1515,JFK,BWI,0,0
DH,MON,1941,JFK,DCA,0,1
DH,MON,1409,LGA,IAD,1,1
DH,MON,1520,LGA,IAD,1,1
DH,MON,1735,LGA,IAD,1,1
DH,MON,845,LGA,IAD,1,1
DH,MON,1031,LGA,IAD,0,0
DH,MON,837,JFK,IAD,0,1
DH,MON,1342,JFK,IAD,0,1
DH,MON,1512,JFK,IAD,1,1
DH,MON,1915,JFK,IAD,1,1
DH,MON,2155,JFK,IAD,1,1
DL,MON,1505,JFK,DCA,0,1
DL,MON,731,LGA,DCA,0,0
DL,MON,842,LGA,DCA,0,1
DL,MON,1032,LGA,DCA,0,0
DL,MON,1231,LGA,DCA,0,0
DL,MON,1430,LGA,DCA,0,0
DL,MON,1750,LGA,DCA,0,1
DL,MON,1927,LGA,DCA,0,1
DL,MON,2030,LGA,DCA,0,1
MQ,MON,1551,JFK,DCA,0,1
MQ,MON,1915,JFK,DCA,1,1
MQ,MON,700,LGA,DCA,0,1
MQ,MON,810,LGA,DCA,0,0
MQ,MON,1612,LGA,DCA,1,1
MQ,MON,1459,LGA,DCA,0,0
MQ,MON,1855,LGA,DCA,1,1
UA,MON,1026,LGA,IAD,1,1
US,MON,625,LGA,DCA,0,0
US,MON,657,LGA,DCA,0,0
US,MON,757,LGA,DCA,0,0
US,MON,858,LGA,DCA,0,0
US,MON,956,LGA,DCA,0,0
US,MON,1057,LGA,DCA,0,0
US,MON,1156,LGA,DCA,0,0
US,MON,1300,LGA,DCA,0,0
US,MON,1357,LGA,DCA,0,0
US,MON,1457,LGA,DCA,0,0
US,MON,1559,LGA,DCA,0,0
US,MON,1657,LGA,DCA,0,0
RU,MON,657,EWR,BWI,0,1
CO,MON,1813,EWR,DCA,1,1
CO,MON,1257,EWR,DCA,0,1
DH,MON,840,EWR,IAD,0,1
DH,MON,1824,EWR,IAD,1,1
DH,MON,1348,EWR,IAD,0,1
DH,MON,2150,EWR,IAD,0,1
DH,MON,1444,EWR,IAD,1,1
RU,MON,1456,EWR,IAD,0,1
RU,MON,711,EWR,IAD,1,1
RU,MON,641,EWR,DCA,0,0
OH,TUE,1500,JFK,BWI,0,0
DH,TUE,1631,JFK,DCA,0,0
DH,TUE,1238,LGA,IAD,0,0
DH,TUE,1552,LGA,IAD,0,1
DH,TUE,1744,LGA,IAD,0,0
DH,TUE,2151,LGA,IAD,0,1
DH,TUE,640,LGA,IAD,0,0
DH,TUE,1038,LGA,IAD,0,0
DH,TUE,912,JFK,IAD,0,1
DH,TUE,1331,JFK,IAD,0,1
DH,TUE,1451,JFK,IAD,0,0
DH,TUE,1642,JFK,IAD,0,0
DH,TUE,1832,JFK,IAD,0,1
DH,TUE,2118,JFK,IAD,0,0
DH,TUE,1610,JFK,IAD,0,0
DL,TUE,1451,JFK,DCA,0,0
DL,TUE,729,LGA,DCA,0,0
DL,TUE,931,LGA,DCA,0,0
DL,TUE,1130,LGA,DCA,0,0
DL,TUE,1329,LGA,DCA,0,0
DL,TUE,1529,LGA,DCA,0,0
DL,TUE,1729,LGA,DCA,0,0
DL,TUE,1830,LGA,DCA,0,0
DL,TUE,2030,LGA,DCA,0,1
MQ,TUE,1529,JFK,DCA,0,0
MQ,TUE,1833,JFK,DCA,0,0
MQ,TUE,756,LGA,DCA,0,1
MQ,TUE,1424,LGA,DCA,0,1
MQ,TUE,1513,LGA,DCA,0,0
MQ,TUE,1551,LGA,DCA,0,0
MQ,TUE,1719,LGA,DCA,0,1
MQ,TUE,1941,LGA,DCA,0,1
UA,TUE,849,LGA,IAD,0,0
US,TUE,628,LGA,DCA,0,0
US,TUE,657,LGA,DCA,0,0
US,TUE,830,LGA,DCA,0,1
US,TUE,921,LGA,DCA,0,1
US,TUE,1005,LGA,DCA,0,0
US,TUE,1056,LGA,DCA,0,0
US,TUE,1257,LGA,DCA,0,0
US,TUE,1458,LGA,DCA,0,1
US,TUE,1555,LGA,DCA,0,1
US,TUE,1656,LGA,DCA,0,0
US,TUE,1758,LGA,DCA,0,0
US,TUE,1855,LGA,DCA,0,0
US,TUE,1956,LGA,DCA,0,1
US,TUE,2054,LGA,DCA,0,0
RU,TUE,1454,EWR,BWI,0,0
RU,TUE,1022,EWR,BWI,0,0
RU,TUE,1848,EWR,BWI,0,1
CO,TUE,1723,EWR,DCA,0,0
CO,TUE,1937,EWR,DCA,0,1
CO,TUE,1256,EWR,DCA,0,0
DH,TUE,836,EWR,IAD,0,0
DH,TUE,1715,EWR,IAD,0,1
DH,TUE,1354,EWR,IAD,0,1
DH,TUE,2116,EWR,IAD,0,0
DH,TUE,627,EWR,IAD,0,0
DH,TUE,1425,EWR,IAD,0,0
RU,TUE,1355,EWR,DCA,0,0
RU,TUE,1650,EWR,IAD,0,0
RU,TUE,2120,EWR,DCA,0,1
RU,TUE,1855,EWR,IAD,0,0
RU,TUE,1628,EWR,DCA,0,0
RU,TUE,911,EWR,DCA,0,1
RU,TUE,700,EWR,IAD,0,0
RU,TUE,1523,EWR,DCA,0,0
RU,TUE,1453,EWR,IAD,0,0
OH,WED,1455,JFK,BWI,0,0
DH,WED,1636,JFK,DCA,0,0
DH,WED,1321,LGA,IAD,0,1
DH,WED,1609,LGA,IAD,0,1
DH,WED,1939,LGA,IAD,0,1
DH,WED,2120,LGA,IAD,0,0
DH,WED,721,LGA,IAD,0,1
DH,WED,837,JFK,IAD,0,0
DH,WED,1232,JFK,IAD,0,0
DH,WED,1450,JFK,IAD,0,0
DH,WED,1644,JFK,IAD,0,0
DH,WED,1737,JFK,IAD,0,0
DH,WED,2115,JFK,IAD,0,0
DH,WED,1613,JFK,IAD,0,0
DL,WED,1500,JFK,DCA,0,1
DL,WED,630,LGA,DCA,0,0
DL,WED,728,LGA,DCA,0,0
DL,WED,834,LGA,DCA,0,1
DL,WED,1032,LGA,DCA,0,0
DL,WED,1128,LGA,DCA,0,0
DL,WED,1230,LGA,DCA,0,0
DL,WED,1329,LGA,DCA,0,0
DL,WED,1430,LGA,DCA,0,0
DL,WED,1531,LGA,DCA,0,0
DL,WED,1629,LGA,DCA,0,0
DL,WED,1730,LGA,DCA,0,0
DL,WED,1829,LGA,DCA,0,0
DL,WED,1928,LGA,DCA,0,0
DL,WED,2031,LGA,DCA,0,0
MQ,WED,1633,JFK,DCA,0,1
MQ,WED,559,JFK,DCA,0,0
MQ,WED,1829,JFK,DCA,0,0
MQ,WED,650,LGA,DCA,0,1
MQ,WED,749,LGA,DCA,0,0
MQ,WED,855,LGA,DCA,0,0
MQ,WED,1257,LGA,DCA,0,0
MQ,WED,1428,LGA,DCA,0,1
MQ,WED,1527,LGA,DCA,0,1
MQ,WED,1654,LGA,DCA,0,0
MQ,WED,1902,LGA,DCA,0,0
UA,WED,848,LGA,IAD,0,0
US,WED,632,LGA,DCA,0,0
US,WED,657,LGA,DCA,0,1
US,WED,755,LGA,DCA,0,0
US,WED,858,LGA,DCA,0,0
US,WED,958,LGA,DCA,0,0
US,WED,1058,LGA,DCA,0,0
US,WED,1155,LGA,DCA,0,0
US,WED,1256,LGA,DCA,0,0
US,WED,1356,LGA,DCA,0,0
US,WED,1457,LGA,DCA,0,0
US,WED,1556,LGA,DCA,0,0
US,WED,1659,LGA,DCA,0,0
US,WED,1758,LGA,DCA,0,0
US,WED,1857,LGA,DCA,0,0
US,WED,2001,LGA,DCA,0,0
US,WED,2055,LGA,DCA,0,0
RU,WED,1718,EWR,BWI,0,0
RU,WED,659,EWR,BWI,0,0
RU,WED,1030,EWR,BWI,0,0
RU,WED,1451,EWR,BWI,0,0
CO,WED,1255,EWR,DCA,0,0
CO,WED,1728,EWR,DCA,0,0
CO,WED,732,EWR,DCA,0,0
CO,WED,1852,EWR,DCA,0,0
DH,WED,913,EWR,IAD,0,1
DH,WED,1659,EWR,IAD,0,0
DH,WED,1237,EWR,IAD,0,0
DH,WED,2211,EWR,IAD,0,1
DH,WED,627,EWR,IAD,0,0
DH,WED,1427,EWR,IAD,0,0
RU,WED,2057,EWR,DCA,0,0
RU,WED,1633,EWR,DCA,0,0
RU,WED,1452,EWR,IAD,0,0
RU,WED,640,EWR,DCA,0,0
RU,WED,654,EWR,IAD,0,0
RU,WED,1855,EWR,IAD,0,0
RU,WED,1405,EWR,DCA,0,1
RU,WED,1259,EWR,IAD,0,0
RU,WED,1620,EWR,DCA,0,1
RU,WED,857,EWR,DCA,0,0
RU,WED,1659,EWR,IAD,0,0
OH,THUR,1455,JFK,BWI,0,0
DH,THUR,1640,JFK,DCA,0,0
DH,THUR,1237,LGA,IAD,0,0
DH,THUR,1528,LGA,IAD,0,1
DH,THUR,1709,LGA,IAD,0,0
DH,THUR,2127,LGA,IAD,0,0
DH,THUR,632,LGA,IAD,0,0
DH,THUR,1030,LGA,IAD,0,0
DH,THUR,831,JFK,IAD,0,0
DH,THUR,1241,JFK,IAD,0,0
DH,THUR,1459,JFK,IAD,0,0
DH,THUR,1641,JFK,IAD,0,0
DH,THUR,1714,JFK,IAD,0,0
DH,THUR,2214,JFK,IAD,0,1
DH,THUR,1609,JFK,IAD,0,0
DL,THUR,1510,JFK,DCA,0,1
DL,THUR,630,LGA,DCA,0,0
DL,THUR,730,LGA,DCA,0,0
DL,THUR,830,LGA,DCA,0,0
DL,THUR,931,LGA,DCA,0,0
DL,THUR,1031,LGA,DCA,0,0
DL,THUR,1131,LGA,DCA,0,0
DL,THUR,1231,LGA,DCA,0,0
DL,THUR,1331,LGA,DCA,0,0
DL,THUR,1432,LGA,DCA,0,0
DL,THUR,1531,LGA,DCA,0,0
DL,THUR,1632,LGA,DCA,0,0
DL,THUR,1730,LGA,DCA,0,0
DL,THUR,1830,LGA,DCA,0,0
DL,THUR,1927,LGA,DCA,0,0
DL,THUR,2031,LGA,DCA,0,0
MQ,THUR,1523,JFK,DCA,0,0
MQ,THUR,1843,JFK,DCA,0,0
MQ,THUR,703,LGA,DCA,0,0
MQ,THUR,827,LGA,DCA,1,1
MQ,THUR,850,LGA,DCA,0,0
MQ,THUR,1056,LGA,DCA,0,0
MQ,THUR,1251,LGA,DCA,0,0
MQ,THUR,1358,LGA,DCA,0,0
MQ,THUR,1458,LGA,DCA,0,0
MQ,THUR,1703,LGA,DCA,0,1
MQ,THUR,1656,LGA,DCA,0,0
UA,THUR,849,LGA,IAD,0,0
US,THUR,638,LGA,DCA,0,0
US,THUR,656,LGA,DCA,0,0
US,THUR,754,LGA,DCA,0,0
US,THUR,858,LGA,DCA,0,0
US,THUR,957,LGA,DCA,0,0
US,THUR,1057,LGA,DCA,0,0
US,THUR,1155,LGA,DCA,0,0
US,THUR,1256,LGA,DCA,0,0
US,THUR,1356,LGA,DCA,0,0
US,THUR,1459,LGA,DCA,0,0
US,THUR,1556,LGA,DCA,0,0
US,THUR,1656,LGA,DCA,0,1
US,THUR,1758,LGA,DCA,0,0
US,THUR,1856,LGA,DCA,0,0
US,THUR,2004,LGA,DCA,0,0
US,THUR,2057,LGA,DCA,0,0
RU,THUR,1748,EWR,BWI,0,1
RU,THUR,700,EWR,BWI,0,0
RU,THUR,1513,EWR,BWI,0,1
RU,THUR,1037,EWR,BWI,0,0
CO,THUR,1728,EWR,DCA,0,0
CO,THUR,1257,EWR,DCA,0,0
CO,THUR,1851,EWR,DCA,0,0
CO,THUR,727,EWR,DCA,0,0
DH,THUR,832,EWR,IAD,0,0
DH,THUR,1715,EWR,IAD,0,0
DH,THUR,1242,EWR,IAD,0,1
DH,THUR,2116,EWR,IAD,0,0
DH,THUR,623,EWR,IAD,0,0
DH,THUR,1426,EWR,IAD,0,0
RU,THUR,1255,EWR,IAD,0,0
RU,THUR,2056,EWR,DCA,0,0
RU,THUR,1657,EWR,IAD,0,1
RU,THUR,1856,EWR,IAD,0,1
RU,THUR,643,EWR,DCA,0,0
RU,THUR,1359,EWR,DCA,0,1
RU,THUR,1601,EWR,DCA,0,1
RU,THUR,1630,EWR,DCA,0,0
RU,THUR,858,EWR,DCA,0,0
RU,THUR,1456,EWR,IAD,0,1
RU,THUR,659,EWR,IAD,0,1
OH,FRI,1505,JFK,BWI,0,0
DH,FRI,1633,JFK,DCA,0,0
DH,FRI,1243,LGA,IAD,0,0
DH,FRI,1711,LGA,IAD,0,0
DH,FRI,2117,LGA,IAD,0,0
DH,FRI,931,JFK,IAD,0,1
DH,FRI,1238,JFK,IAD,0,0
DH,FRI,1639,JFK,IAD,0,0
DH,FRI,1706,JFK,IAD,0,0
DH,FRI,2115,JFK,IAD,0,0
DH,FRI,1750,JFK,IAD,0,0
DL,FRI,1500,JFK,DCA,0,0
DL,FRI,727,LGA,DCA,0,0
DL,FRI,840,LGA,DCA,0,1
DL,FRI,1030,LGA,DCA,0,0
DL,FRI,1231,LGA,DCA,0,0
DL,FRI,1429,LGA,DCA,0,0
DL,FRI,1629,LGA,DCA,0,0
DL,FRI,1829,LGA,DCA,0,0
DL,FRI,2026,LGA,DCA,0,0
MQ,FRI,1514,JFK,DCA,0,0
MQ,FRI,613,JFK,DCA,0,0
MQ,FRI,1819,JFK,DCA,0,0
MQ,FRI,904,LGA,DCA,0,0
MQ,FRI,1254,LGA,DCA,0,0
UA,FRI,847,LGA,IAD,0,0
US,FRI,706,LGA,DCA,0,0
US,FRI,857,LGA,DCA,0,0
US,FRI,1058,LGA,DCA,0,0
US,FRI,1256,LGA,DCA,0,0
US,FRI,1457,LGA,DCA,0,0
US,FRI,1655,LGA,DCA,0,0
US,FRI,1856,LGA,DCA,0,0
RU,FRI,1025,EWR,BWI,0,0
RU,FRI,1449,EWR,BWI,0,0
RU,FRI,1715,EWR,BWI,0,0
RU,FRI,704,EWR,BWI,0,0
CO,FRI,1255,EWR,DCA,0,0
DH,FRI,840,EWR,IAD,0,0
DH,FRI,1659,EWR,IAD,0,0
DH,FRI,1247,EWR,IAD,0,0
DH,FRI,2111,EWR,IAD,0,0
RU,FRI,1458,EWR,IAD,0,0
RU,FRI,925,EWR,DCA,0,0
RU,FRI,650,EWR,IAD,0,0
RU,FRI,644,EWR,DCA,0,0
RU,FRI,1653,EWR,IAD,0,0
RU,FRI,1558,EWR,DCA,0,0
RU,FRI,1403,EWR,DCA,0,0
RU,FRI,1736,EWR,DCA,0,0
